id,articleType
52003,Watches
52007,Dresses
52017,Fragrance Gift Set
52021,Sarees
52023,Innerwear Vests
52026,Shirts
52027,Sweatshirts
52028,Topwear
52029,Jackets
52030,Jackets
52031,Topwear
52032,Kurtis
52034,Jackets
52042,Topwear
52043,Topwear
52044,Jackets
52045,Shirts
52049,Innerwear Vests
52050,Tshirts
52051,Tshirts
52052,Innerwear Vests
52053,Tshirts
52054,Tshirts
52055,Tshirts
52056,Tshirts
52057,Tshirts
52058,Tshirts
52059,Tshirts
52060,Tshirts
52061,Tshirts
52062,Tshirts
52063,Tshirts
52064,Tshirts
52065,Tshirts
52066,Tshirts
52067,Tshirts
52068,Tshirts
52069,Tshirts
52070,Tshirts
52071,Tshirts
52072,Tshirts
52073,Tshirts
52074,Tshirts
52075,Tshirts
52076,Tshirts
52077,Tshirts
52078,Tshirts
52079,Tshirts
52080,Innerwear Vests
52081,Tshirts
52082,Innerwear Vests
52083,Tshirts
52084,Tops
52085,Tshirts
52086,Tshirts
52087,Tops
52088,Tops
52089,Jackets
52090,Tshirts
52091,Tshirts
52092,Tshirts
52093,Tops
52094,Tshirts
52095,Innerwear Vests
52096,Tops
52097,Tops
52098,Tops
52099,Tops
52100,Kurtas
52101,Kurtas
52102,Kurtas
52103,Stoles
52104,Kurtas
52105,Kurtas
52106,Kurtas
52107,Kurtas
52108,Kurtas
52109,Kurtas
52110,Kurtas
52111,Kurtis
52112,Dupatta
52113,Tunics
52114,Scarves
52115,Tops
52116,Tops
52117,Tops
52118,Nightdress
52119,Tops
52120,Tshirts
52121,Tshirts
52122,Tshirts
52123,Tops
52124,Tops
52125,Dresses
52126,Tops
52127,Tshirts
52128,Dresses
52129,Tshirts
52130,Dresses
52131,Dresses
52132,Tshirts
52133,Leggings
52134,Stockings
52135,Tshirts
52136,Tshirts
52137,Tshirts
52138,Tshirts
52139,Tshirts
52140,Tshirts
52141,Tops
52142,Tshirts
52143,Tshirts
52144,Tshirts
52145,Tshirts
52146,Tshirts
52147,Tshirts
52148,Tshirts
52149,Tshirts
52150,Tshirts
52151,Tshirts
52153,Tops
52154,Tunics
52155,Innerwear Vests
52156,Tops
52157,Kurtas
52158,Tunics
52159,Dupatta
52160,Tunics
52161,Dresses
52162,Tops
52163,Innerwear Vests
52164,Innerwear Vests
52165,Necklace and Chains
52166,Ties
52168,Perfume and Body Mist
52169,Heels
52172,Gloves
52173,Watches
52176,Wallets
52177,Sports Shoes
52178,Heels
52179,Sports Shoes
52180,Earrings
52181,Earrings
52182,Sports Shoes
52183,Earrings
52185,Sports Shoes
52186,Sports Equipment
52187,Cufflinks
52190,Sunglasses
52191,Jewellery Set
52193,Earrings
52195,Earrings
52198,Earrings
52200,Pendant
52202,Pendant
52204,Pendant
52205,Shorts
52209,Necklace and Chains
52210,Necklace and Chains
52211,Necklace and Chains
52214,Pendant
52220,Necklace and Chains
52221,Necklace and Chains
52222,Trunk
52223,Bracelet
52224,Bracelet
52225,Free Gifts
52228,Sports Equipment
52230,Shirts
52235,Jeans
52254,Trunk
52255,Briefs
52256,Trunk
52257,Trunk
52299,Lounge Shorts
52303,Jewellery Set
52304,Necklace and Chains
52305,Necklace and Chains
52306,Necklace and Chains
52307,Necklace and Chains
52308,Necklace and Chains
52309,Necklace and Chains
52310,Sarees
52311,Necklace and Chains
52312,Necklace and Chains
52313,Sandals
52314,Accessory Gift Set
52315,Sandals
52316,Belts
52317,Messenger Bag
52318,Caps
52320,Sandals
52322,Belts
52323,Heels
52324,Accessory Gift Set
52325,Caps
52326,Casual Shoes
52327,Caps
52328,Messenger Bag
52329,Handbags
52330,Wallets
52331,Wallets
52332,Wallets
52333,Clutches
52334,Clutches
52335,Clutches
52336,Clutches
52337,Clutches
52338,Clutches
52339,Clutches
52340,Tshirts
52341,Dresses
52342,Dresses
52343,Dresses
52344,Dresses
52345,Dresses
52346,Dresses
52347,Dresses
52348,Dresses
52349,Nightdress
52350,Dresses
52351,Dresses
52352,Kurtas
52353,Dresses
52354,Sarees
52355,Sarees
52356,Sarees
52357,Dresses
52358,Dresses
52359,Dresses
52360,Sarees
52361,Dresses
52362,Nightdress
52363,Dresses
52364,Loungewear and Nightwear
52366,Dresses
52367,Dresses
52368,Nightdress
52369,Tunics
52370,Tunics
52371,Tops
52372,Dresses
52373,Dresses
52374,Dresses
52375,Dresses
52376,Dresses
52377,Dresses
52378,Dresses
52379,Nightdress
52380,Dresses
52381,Kurta Sets
52382,Kurta Sets
52383,Sarees
52384,Sarees
52385,Nightdress
52386,Nightdress
52387,Dresses
52390,Dresses
52391,Dresses
52392,Dresses
52393,Nightdress
52394,Dresses
52395,Dresses
52396,Sarees
52397,Kurta Sets
52398,Dresses
52399,Nightdress
52400,Dresses
52401,Dresses
52402,Dresses
52403,Nightdress
52404,Dresses
52405,Dresses
52406,Dresses
52407,Dresses
52408,Dresses
52409,Dresses
52410,Dresses
52411,Dresses
52412,Dresses
52413,Dresses
52414,Tops
52415,Nightdress
52416,Tops
52417,Dress
52418,Nightdress
52419,Nightdress
52420,Dresses
52421,Kurtas
52422,Sarees
52423,Dresses
52424,Dresses
52425,Dresses
52426,Dresses
52427,Nightdress
52428,Nightdress
52429,Nightdress
52430,Nightdress
52431,Nightdress
52432,Dresses
52434,Dresses
52435,Nightdress
52436,Dresses
52437,Dresses
52438,Nightdress
52439,Dresses
52440,Nightdress
52441,Nightdress
52442,Innerwear
52443,Loungewear and Nightwear
52444,Dresses
52445,Nightdress
52446,Tops
52447,Scarves
52448,Nightdress
52449,Nightdress
52450,Nightdress
52451,Dresses
52452,Dresses
52453,Nightdress
52454,Dresses
52455,Dresses
52456,Dresses
52457,Nightdress
52458,Tunics
52459,Nightdress
52460,Nightdress
52461,Dresses
52462,Nightdress
52463,Nightdress
52464,Nightdress
52465,Bra
52466,Bra
52467,Innerwear Vests
52468,Tops
52469,Innerwear Vests
52470,Innerwear
52472,Night suits
52473,Nightdress
52474,Dresses
52475,Nightdress
52476,Sarees
52477,Nightdress
52478,Night suits
52479,Nightdress
52480,Nightdress
52481,Nightdress
52482,Nightdress
52483,Bra
52484,Bra
52485,Bra
52486,Bra
52487,Bra
52488,Bra
52489,Bra
52490,Bra
52491,Innerwear Vests
52492,Tops
52493,Innerwear Vests
52494,Kurta Sets
52495,Sarees
52496,Dresses
52497,Kurta Sets
52498,Dresses
52499,Tunics
52500,Nightdress
52501,Dresses
52502,Nightdress
52503,Sarees
52504,Sarees
52505,Sarees
52506,Kurta Sets
52507,Dresses
52508,Night suits
52509,Dresses
52510,Nightdress
52511,Dresses
52512,Kurtas
52513,Nightdress
52514,Bra
52515,Bra
52516,Bra
52517,Nightdress
52518,Nightdress
52519,Nightdress
52520,Shorts
52522,Jeans
52523,Jeans
52524,Jeans
52525,Trousers
52528,Trousers
52529,Shorts
52536,Jeans
52539,Jeans
52547,Jeans
52548,Jeans
52553,Jeans
52554,Jeans
52555,Jeans
52556,Jeans
52557,Jeans
52558,Clutches
52559,Wallets
52560,Clutches
52561,Clutches
52563,Clutches
52564,Clutches
52565,Clutches
52568,Clutches
52569,Clutches
52570,Clutches
52574,Clutches
52575,Clutches
52576,Clutches
52577,Duffel Bag
52579,Clutches
52581,Clutches
52582,Backpacks
52585,Clutches
52586,Clutches
52588,Wallets
52589,Clutches
52593,Mobile Pouch
52594,Wallets
52599,Clutches
52602,Wallets
52603,Wallets
52604,Clutches
52609,Handbags
52616,Handbags
52618,Handbags
52622,Handbags
52623,Handbags
52626,Handbags
52632,Handbags
52633,Bra
52634,Handbags
52635,Handbags
52636,Duffel Bag
52637,Handbags
52638,Handbags
52639,Duffel Bag
52641,Handbags
52642,Handbags
52643,Handbags
52647,Handbags
52648,Handbags
52649,Handbags
52650,Handbags
52651,Handbags
52652,Handbags
52653,Duffel Bag
52654,Duffel Bag
52655,Handbags
52656,Handbags
52657,Handbags
52658,Handbags
52659,Handbags
52660,Handbags
52661,Handbags
52665,Watches
52670,Watches
52671,Watches
52673,Watches
52675,Watches
52676,Watches
52677,Watches
52678,Watches
52679,Watches
52680,Watches
52681,Watches
52682,Watches
52683,Watches
52684,Watches
52686,Watches
52687,Watches
52688,Watches
52690,Watches
52691,Watches
52692,Watches
52693,Watches
52694,Watches
52695,Watches
52749,Deodorant
52751,Deodorant
52754,Laptop Bag
52756,Handbags
52758,Duffel Bag
52759,Handbags
52766,Handbags
52767,Handbags
52768,Handbags
52772,Wallets
52773,Wallets
52774,Clutches
52775,Clutches
52776,Wallets
52777,Clutches
52778,Wallets
52779,Wallets
52780,Wallets
52781,Wallets
52782,Wallets
52784,Clutches
52785,Wallets
52786,Wallets
52789,Wallets
52791,Wallets
52792,Wallets
52793,Wallets
52794,Wallets
52795,Wallets
52796,Wallets
52797,Wallets
52798,Wallets
52799,Wallets
52800,Wallets
52801,Wallets
52802,Wallets
52803,Wallets
52804,Wallets
52805,Wallets
52806,Wallets
52807,Wallets
52808,Wallets
52809,Wallets
52810,Wallets
52811,Wallets
52812,Wallets
52813,Wallets
52814,Wallets
52816,Watches
52817,Earrings
52818,Earrings
52819,Earrings
52820,Earrings
52822,Necklace and Chains
52823,Earrings
52825,Earrings
52827,Earrings
52828,Earrings
52831,Earrings
52834,Earrings
52835,Earrings
52836,Necklace and Chains
52837,Earrings
52839,Earrings
52840,Earrings
52841,Earrings
52842,Earrings
52846,Earrings
52847,Earrings
52848,Earrings
52850,Caps
52851,Earrings
52852,Earrings
52854,Earrings
52855,Earrings
52859,Earrings
52860,Earrings
52862,Earrings
52863,Earrings
52864,Earrings
52868,Earrings
52869,Necklace and Chains
52871,Fragrance Gift Set
52874,Sarees
52875,Sarees
52876,Sarees
52877,Sarees
52878,Sarees
52879,Sarees
52880,Sarees
52881,Sarees
52882,Sarees
52883,Sarees
52884,Sarees
52885,Sarees
52886,Sarees
52887,Sarees
52888,Sarees
52889,Sarees
52890,Sarees
52891,Sarees
52892,Sarees
52893,Sarees
52894,Sarees
52895,Sarees
52896,Sarees
52897,Sarees
52898,Sarees
52899,Sarees
52901,Sarees
52902,Sarees
52903,Sarees
52904,Sarees
52905,Sarees
52906,Sarees
52907,Sarees
52908,Sarees
52909,Free Gifts
52910,Sarees
52911,Sarees
52912,Sarees
52913,Sarees
52914,Sarees
52915,Sarees
52916,Sarees
52917,Sarees
52918,Sarees
52919,Sarees
52920,Sarees
52921,Sarees
52922,Sarees
52923,Sarees
52924,Sarees
52925,Sarees
52926,Sarees
52927,Sarees
52928,Sarees
52929,Sarees
52930,Sarees
52931,Sarees
52934,Free Gifts
52935,Sarees
52936,Sarees
52937,Sarees
52938,Sarees
52940,Sarees
52941,Sarees
52942,Sarees
52943,Sarees
52944,Sarees
52945,Sarees
52946,Sarees
52947,Sarees
52948,Sarees
52949,Sarees
52950,Sarees
52951,Sarees
52952,Sarees
52953,Sarees
52954,Sarees
52955,Sarees
52956,Sarees
52957,Sarees
52958,Sarees
52959,Sarees
52960,Sarees
52961,Sarees
52962,Sarees
52963,Sarees
52964,Sarees
52965,Sarees
52966,Sarees
52967,Sarees
52968,Sarees
52969,Sarees
52970,Sarees
52971,Sarees
52972,Sarees
52973,Sarees
52975,Sarees
52976,Sarees
52978,Sarees
52979,Sarees
52980,Sarees
52981,Sarees
52982,Sarees
52983,Sarees
52986,Sarees
52987,Sarees
52988,Sarees
52989,Sarees
52990,Sarees
52991,Sarees
52992,Sarees
52993,Sarees
52996,Sarees
52998,Sarees
52999,Sarees
53000,Sarees
53001,Sarees
53002,Sarees
53003,Sarees
53004,Sarees
53006,Sarees
53007,Sarees
53008,Sarees
53009,Sarees
53010,Sarees
53011,Sarees
53013,Sarees
53014,Sarees
53015,Sarees
53016,Sarees
53017,Sarees
53019,Sarees
53020,Sarees
53021,Sarees
53023,Sarees
53024,Sarees
53025,Sarees
53026,Sarees
53027,Sarees
53029,Sarees
53030,Sarees
53031,Sarees
53032,Sarees
53033,Sarees
53034,Sarees
53035,Sarees
53036,Sarees
53037,Sarees
53038,Sarees
53039,Sarees
53040,Sarees
53041,Sarees
53042,Sarees
53043,Sarees
53044,Sarees
53045,Sarees
53046,Sarees
53047,Sarees
53048,Kurta Sets
53049,Sarees
53050,Sarees
53051,Sarees
53052,Sarees
53053,Sarees
53054,Sarees
53055,Sarees
53056,Sarees
53057,Sarees
53058,Handbags
53059,Wallets
53060,Handbags
53061,Handbags
53062,Handbags
53063,Handbags
53064,Handbags
53065,Handbags
53066,Handbags
53067,Handbags
53068,Handbags
53069,Handbags
53070,Handbags
53071,Clutches
53072,Clutches
53073,Clutches
53075,Handbags
53076,Handbags
53077,Clutches
53078,Clutches
53079,Clutches
53080,Clutches
53081,Clutches
53082,Clutches
53083,Pendant
53084,Mobile Pouch
53085,Jewellery Set
53086,Jewellery Set
53087,Jewellery Set
53088,Ties
53089,Necklace and Chains
53090,Pendant
53091,Necklace and Chains
53092,Necklace and Chains
53093,Necklace and Chains
53094,Earrings
53095,Earrings
53096,Earrings
53097,Earrings
53098,Earrings
53099,Earrings
53100,Earrings
53101,Earrings
53102,Earrings
53103,Earrings
53104,Earrings
53105,Earrings
53106,Earrings
53107,Earrings
53108,Earrings
53109,Earrings
53110,Earrings
53111,Tshirts
53112,Tshirts
53113,Tshirts
53114,Tshirts
53115,Tshirts
53116,Tshirts
53117,Tops
53118,Tshirts
53119,Tshirts
53120,Tshirts
53121,Tops
53122,Tshirts
53123,Jackets
53124,Tops
53125,Tshirts
53126,Tshirts
53127,Flats
53128,Heels
53129,Heels
53130,Flats
53131,Flats
53132,Flats
53133,Heels
53134,Flats
53135,Heels
53136,Heels
53137,Flats
53138,Heels
53139,Heels
53140,Heels
53141,Flats
53142,Heels
53143,Heels
53144,Heels
53145,Flats
53146,Flats
53147,Heels
53148,Heels
53149,Heels
53150,Heels
53152,Innerwear Vests
53159,Shirts
53211,Shirts
53215,Shirts
53226,Shirts
53228,Trousers
53248,Trousers
53252,Jeans
53264,Innerwear Vests
53269,Tshirts
53278,Tshirts
53282,Tshirts
53286,Jeans
53287,Jeans
53296,Jeans
53303,Tshirts
53307,Tshirts
53312,Tshirts
53313,Tshirts
53314,Tshirts
53318,Tshirts
53319,Tshirts
53328,Boxers
53329,Boxers
53332,Boxers
53338,Boxers
53345,Boxers
53348,Boxers
53357,Wristbands
53358,Belts
53360,Handbags
53361,Backpacks
53362,Backpacks
53363,Duffel Bag
53364,Backpacks
53365,Backpacks
53366,Backpacks
53367,Backpacks
53368,Backpacks
53369,Handbags
53370,Handbags
53371,Backpacks
53372,Backpacks
53373,Backpacks
53374,Wallets
53376,Clutches
53377,Messenger Bag
53378,Flip Flops
53379,Sandals
53380,Sandals
53381,Sandals
53382,Sports Sandals
53383,Sports Sandals
53384,Casual Shoes
53386,Casual Shoes
53387,Casual Shoes
53388,Kurtas
53389,Kurtas
53390,Kurtas
53391,Kurtas
53392,Tunics
53393,Kurtis
53394,Kurtas
53395,Kurtas
53396,Kurtas
53397,Tunics
53398,Kurtas
53399,Kurtas
53401,Tunics
53402,Tunics
53403,Kurtas
53404,Kurtas
53405,Kurtas
53406,Kurtas
53408,Kurtas
53409,Kurtas
53410,Kurtas
53411,Kurtas
53412,Kurtis
53413,Tunics
53414,Kurtas
53415,Kurtas
53416,Kurtas
53417,Kurtas
53418,Kurtas
53419,Tunics
53420,Kurtas
53421,Kurtas
53422,Kurtas
53423,Kurtas
53424,Kurtas
53425,Kurtas
53426,Kurtas
53427,Kurtas
53428,Kurtas
53429,Kurtas
53430,Kurtas
53431,Kurtas
53432,Tshirts
53433,Tshirts
53434,Tshirts
53435,Jackets
53436,Sports Shoes
53437,Casual Shoes
53438,Casual Shoes
53439,Flip Flops
53440,Sports Shoes
53441,Sports Shoes
53442,Flats
53444,Sandals
53445,Flats
53446,Flip Flops
53447,Flip Flops
53448,Flip Flops
53449,Flip Flops
53450,Flip Flops
53452,Flats
53453,Flats
53454,Heels
53455,Flats
53456,Flats
53457,Heels
53458,Heels
53459,Heels
53460,Heels
53461,Bra
53462,Bra
53463,Bra
53464,Bra
53465,Bra
53466,Bra
53467,Bra
53468,Bra
53469,Briefs
53470,Bra
53473,Bra
53474,Bra
53475,Bra
53476,Bra
53477,Bra
53478,Bra
53479,Bra
53480,Bra
53484,Tshirts
53485,Casual Shoes
53486,Bra
53487,Tshirts
53488,Tshirts
53489,Briefs
53490,Bra
53491,Bra
53492,Bra
53493,Bra
53498,Briefs
53506,Bra
53507,Bra
53508,Bra
53520,Briefs
53525,Bra
53526,Briefs
53527,Briefs
53528,Briefs
53529,Briefs
53530,Briefs
53531,Briefs
53532,Briefs
53533,Briefs
53534,Briefs
53535,Briefs
53536,Briefs
53537,Briefs
53538,Briefs
53539,Briefs
53540,Briefs
53541,Briefs
53542,Briefs
53543,Briefs
53545,Briefs
53546,Briefs
53547,Briefs
53548,Briefs
53554,Boxers
53555,Boxers
53556,Boxers
53557,Boxers
53558,Boxers
53559,Boxers
53560,Watches
53561,Watches
53562,Watches
53563,Watches
53564,Watches
53565,Watches
53566,Watches
53567,Watches
53568,Watches
53569,Watches
53570,Watches
53571,Watches
53572,Watches
53573,Watches
53574,Watches
53575,Watches
53576,Watches
53577,Watches
53578,Watches
53579,Watches
53580,Watches
53581,Watches
53582,Watches
53583,Free Gifts
53584,Watches
53585,Watches
53586,Watches
53587,Watches
53588,Watches
53589,Watches
53590,Watches
53591,Watches
53592,Watches
53593,Watches
53594,Watches
53595,Watches
53596,Watches
53597,Watches
53598,Watches
53599,Watches
53600,Watches
53601,Watches
53602,Watches
53603,Watches
53604,Watches
53605,Watches
53606,Watches
53608,Watches
53609,Watches
53611,Watches
53612,Watches
53613,Watches
53614,Watches
53615,Watches
53616,Watches
53617,Watches
53618,Watches
53619,Watches
53620,Watches
53621,Watches
53622,Watches
53623,Watches
53624,Watches
53625,Watches
53626,Watches
53627,Watches
53628,Watches
53629,Watches
53630,Bra
53631,Bra
53632,Sandals
53633,Casual Shoes
53634,Casual Shoes
53635,Casual Shoes
53636,Sports Shoes
53637,Sports Shoes
53638,Casual Shoes
53639,Casual Shoes
53640,Casual Shoes
53648,Handbags
53649,Handbags
53651,Handbags
53652,Handbags
53653,Handbags
53654,Handbags
53655,Handbags
53656,Handbags
53657,Handbags
53659,Handbags
53660,Handbags
53661,Handbags
53663,Handbags
53665,Handbags
53666,Handbags
53667,Handbags
53668,Handbags
53669,Handbags
53670,Handbags
53671,Handbags
53672,Handbags
53673,Handbags
53674,Handbags
53675,Handbags
53676,Handbags
53677,Handbags
53678,Handbags
53679,Handbags
53680,Laptop Bag
53681,Handbags
53682,Handbags
53683,Handbags
53684,Handbags
53685,Handbags
53686,Handbags
53687,Handbags
53688,Handbags
53689,Handbags
53692,Handbags
53695,Handbags
53696,Handbags
53698,Handbags
53702,Handbags
53706,Handbags
53708,Handbags
53710,Handbags
53715,Handbags
53719,Handbags
53720,Handbags
53723,Flip Flops
53724,Flip Flops
53725,Flip Flops
53726,Flats
53727,Flats
53729,Flats
53731,Casual Shoes
53732,Casual Shoes
53734,Casual Shoes
53735,Casual Shoes
53737,Shorts
53738,Lounge Pants
53740,Track Pants
53741,Lounge Pants
53742,Capris
53743,Track Pants
53744,Capris
53745,Shorts
53747,Trousers
53748,Jeans
53749,Lounge Pants
53750,Track Pants
53751,Track Pants
53752,Shorts
53753,Shorts
53754,Jackets
53755,Shorts
53756,Accessories
53757,Sports Shoes
53759,Tshirts
53760,Tshirts
53761,Tshirts
53762,Tshirts
53763,Tshirts
53764,Tshirts
53765,Tshirts
53766,Tshirts
53767,Tshirts
53768,Tshirts
53770,Tshirts
53771,Tshirts
53772,Innerwear Vests
53773,Tshirts
53774,Tshirts
53775,Tshirts
53776,Shorts
53777,Sports Shoes
53778,Tops
53779,Tshirts
53780,Innerwear Vests
53781,Tshirts
53782,Innerwear Vests
53783,Shirts
53784,Shirts
53785,Shirts
53786,Tshirts
53787,Tshirts
53788,Tshirts
53791,Tshirts
53793,Tshirts
53794,Tshirts
53795,Tshirts
53796,Tshirts
53797,Tshirts
53798,Tshirts
53799,Tshirts
53800,Tshirts
53801,Tshirts
53802,Tshirts
53803,Tshirts
53804,Tshirts
53805,Socks
53806,Socks
53807,Shorts
53808,Dupatta
53809,Tunics
53810,Kurtas
53811,Kurtas
53812,Dress
53813,Kurtis
53814,Kurta Sets
53815,Kurtas
53816,Tunics
53817,Dress
53818,Kurtis
53819,Tunics
53820,Kurtis
53822,Tops
53823,Kurtas
53824,Tunics
53825,Dress
53826,Kurtas
53829,Kurtas
53830,Kurtas
53832,Tunics
53833,Kurtas
53834,Kurtas
53835,Kurtas
53836,Kurtas
53837,Kurtas
53838,Kurtas
53839,Kurtas
53840,Kurtas
53841,Kurtas
53842,Kurtas
53843,Kurtas
53849,Kurtas
53850,Kurtas
53851,Kurtas
53852,Kurtas
53856,Kurtis
53857,Kurtas
53859,Kurtas
53861,Kurtas
53863,Kurtis
53864,Kurtas
53866,Kurtas
53867,Flats
53868,Flats
53869,Flats
53870,Flats
53871,Watches
53872,Sports Shoes
53873,Sports Shoes
53874,Sports Shoes
53875,Flip Flops
53876,Flip Flops
53877,Flip Flops
53878,Flip Flops
53879,Flip Flops
53880,Flip Flops
53881,Flip Flops
53882,Flip Flops
53883,Flip Flops
53884,Bra
53886,Handbags
53887,Handbags
53888,Handbags
53889,Handbags
53890,Messenger Bag
53891,Handbags
53892,Handbags
53893,Handbags
53894,Handbags
53895,Laptop Bag
53896,Handbags
53897,Handbags
53900,Handbags
53902,Handbags
53905,Handbags
53907,Handbags
53911,Handbags
53914,Handbags
53918,Handbags
53921,Handbags
53927,Handbags
53928,Handbags
53930,Handbags
53931,Handbags
53934,Handbags
53935,Handbags
53941,Handbags
53942,Handbags
53943,Handbags
53944,Handbags
53946,Handbags
53961,Handbags
53963,Handbags
53964,Handbags
53979,Handbags
53981,Handbags
53985,Handbags
53990,Duffel Bag
53991,Handbags
53994,Handbags
53997,Handbags
53999,Handbags
54000,Handbags
54002,Handbags
54003,Handbags
54007,Handbags
54008,Handbags
54009,Handbags
54014,Messenger Bag
54016,Wallets
54017,Handbags
54018,Wallets
54019,Wallets
54020,Handbags
54031,Wallets
54032,Clutches
54033,Handbags
54035,Handbags
54036,Handbags
54040,Handbags
54041,Handbags
54049,Leggings
54050,Jeans
54051,Jeans
54052,Leggings
54053,Churidar
54054,Bottomwear
54055,Leggings
54056,Leggings
54057,Leggings
54058,Leggings
54059,Leggings
54060,Trousers
54061,Deodorant
54062,Deodorant
54063,Deodorant
54064,Deodorant
54065,Casual Shoes
54066,Casual Shoes
54068,Casual Shoes
54069,Sandals
54070,Sports Shoes
54071,Sports Shoes
54072,Sports Shoes
54073,Sports Shoes
54076,Casual Shoes
54077,Flats
54078,Casual Shoes
54079,Tunics
54080,Kurtas
54081,Kurtas
54082,Kurtis
54083,Kurtis
54084,Tops
54086,Tops
54087,Tops
54088,Tops
54089,Tshirts
54090,Tunics
54095,Caps
54103,Heels
54104,Flats
54105,Heels
54106,Flats
54107,Flats
54108,Heels
54109,Flats
54110,Flats
54111,Flats
54112,Flats
54113,Flats
54114,Flats
54115,Heels
54116,Flats
54117,Flats
54118,Flats
54119,Flats
54120,Flats
54121,Flats
54122,Flats
54123,Flats
54124,Flats
54125,Flats
54126,Heels
54127,Heels
54128,Heels
54129,Flats
54130,Flats
54131,Flats
54132,Flats
54133,Flats
54134,Flats
54135,Flats
54136,Flats
54137,Heels
54138,Flats
54139,Heels
54140,Heels
54141,Heels
54142,Heels
54143,Flats
54144,Heels
54145,Flats
54146,Tops
54147,Necklace and Chains
54148,Necklace and Chains
54149,Necklace and Chains
54150,Necklace and Chains
54151,Necklace and Chains
54152,Necklace and Chains
54153,Necklace and Chains
54154,Necklace and Chains
54155,Necklace and Chains
54156,Necklace and Chains
54157,Necklace and Chains
54158,Necklace and Chains
54159,Necklace and Chains
54160,Necklace and Chains
54161,Bracelet
54162,Necklace and Chains
54163,Necklace and Chains
54164,Necklace and Chains
54165,Necklace and Chains
54166,Necklace and Chains
54167,Jewellery Set
54168,Necklace and Chains
54169,Necklace and Chains
54170,Necklace and Chains
54171,Pendant
54172,Necklace and Chains
54173,Necklace and Chains
54174,Pendant
54175,Necklace and Chains
54176,Pendant
54177,Handbags
54178,Handbags
54182,Handbags
54183,Handbags
54185,Backpacks
54186,Briefs
54187,Briefs
54188,Briefs
54189,Briefs
54192,Trousers
54194,Trousers
54200,Shorts
54202,Shirts
54225,Trousers
54226,Jeans
54228,Flats
54229,Handbags
54252,Shirts
54280,Shirts
54302,Bra
54303,Briefs
54304,Briefs
54305,Bra
54306,Briefs
54307,Briefs
54311,Briefs
54318,Bra
54319,Briefs
54320,Briefs
54325,Bra
54326,Briefs
54327,Bra
54328,Briefs
54329,Briefs
54330,Briefs
54332,Briefs
54334,Jeans
54338,Tops
54339,Socks
54340,Socks
54341,Socks
54342,Bottomwear
54343,Casual Shoes
54344,Socks
54345,Socks
54346,Socks
54375,Earrings
54380,Handbags
54381,Wallets
54382,Handbags
54383,Wallets
54384,Handbags
54385,Clutches
54386,Duffel Bag
54387,Handbags
54388,Laptop Bag
54389,Wallets
54390,Wallets
54391,Handbags
54392,Handbags
54393,Handbags
54394,Handbags
54395,Wallets
54396,Clutches
54397,Handbags
54398,Handbags
54399,Wallets
54400,Wallets
54401,Wallets
54402,Wallets
54403,Wallets
54404,Wallets
54405,Wallets
54406,Handbags
54407,Handbags
54408,Handbags
54409,Handbags
54410,Clutches
54411,Wallets
54412,Wallets
54475,Handbags
54476,Accessory Gift Set
54477,Briefs
54478,Briefs
54479,Briefs
54480,Briefs
54481,Briefs
54482,Briefs
54483,Briefs
54484,Briefs
54485,Briefs
54486,Briefs
54487,Backpacks
54488,Backpacks
54489,Handbags
54490,Backpacks
54491,Handbags
54492,Handbags
54493,Handbags
54494,Handbags
54495,Laptop Bag
54496,Laptop Bag
54497,Handbags
54498,Handbags
54499,Handbags
54500,Handbags
54501,Handbags
54502,Handbags
54503,Backpacks
54504,Handbags
54505,Handbags
54506,Handbags
54507,Handbags
54508,Handbags
54509,Handbags
54510,Handbags
54511,Handbags
54512,Handbags
54513,Formal Shoes
54514,Casual Shoes
54515,Casual Shoes
54516,Sports Shoes
54517,Casual Shoes
54518,Sports Shoes
54519,Casual Shoes
54520,Casual Shoes
54521,Sports Shoes
54522,Casual Shoes
54523,Sports Shoes
54524,Sports Shoes
54525,Sports Shoes
54526,Sports Shoes
54527,Sandals
54528,Casual Shoes
54529,Casual Shoes
54530,Sports Shoes
54533,Casual Shoes
54534,Sports Shoes
54535,Sports Shoes
54536,Casual Shoes
54537,Sports Shoes
54538,Casual Shoes
54539,Casual Shoes
54540,Sports Shoes
54541,Casual Shoes
54542,Casual Shoes
54543,Sports Shoes
54544,Casual Shoes
54545,Backpacks
54546,Backpacks
54547,Tunics
54548,Tunics
54549,Kurtis
54550,Kurtas
54551,Kurtis
54553,Kurtas
54554,Tops
54555,Dupatta
54556,Dupatta
54557,Tunics
54558,Kurtis
54559,Tunics
54561,Kurtas
54562,Kurtas
54563,Kurtas
54564,Kurtas
54565,Kurtas
54566,Kurtas
54567,Kurtas
54568,Kurtas
54569,Kurtas
54570,Kurtas
54571,Dupatta
54572,Kurtas
54573,Kurtis
54574,Kurtis
54575,Kurtis
54576,Kurtas
54577,Kurtis
54578,Kurtis
54579,Kurtas
54580,Kurtis
54581,Kurtas
54582,Kurtas
54584,Kurtas
54585,Kurtas
54586,Kurtas
54587,Kurtas
54588,Kurtas
54589,Kurtas
54590,Tunics
54595,Kurtas
54596,Kurtas
54597,Kurtas
54598,Kurtas
54599,Kurtas
54600,Briefs
54601,Briefs
54602,Briefs
54603,Briefs
54604,Briefs
54605,Briefs
54606,Briefs
54607,Briefs
54608,Briefs
54609,Briefs
54610,Briefs
54611,Briefs
54612,Briefs
54613,Briefs
54614,Briefs
54615,Briefs
54616,Briefs
54617,Briefs
54618,Briefs
54619,Watches
54620,Watches
54621,Watches
54622,Watches
54623,Watches
54625,Watches
54626,Watches
54627,Watches
54628,Watches
54629,Watches
54630,Watches
54631,Watches
54632,Watches
54633,Watches
54634,Watches
54635,Watches
54636,Watches
54637,Watches
54638,Watches
54639,Watches
54640,Watches
54641,Watches
54642,Watches
54643,Watches
54644,Watches
54645,Watches
54646,Watches
54647,Watches
54648,Watches
54649,Watches
54650,Watches
54651,Watches
54652,Watches
54653,Watches
54654,Watches
54655,Watches
54656,Watches
54657,Watches
54658,Watches
54659,Watches
54660,Watches
54661,Watches
54662,Watches
54663,Watches
54664,Watches
54665,Watches
54666,Watches
54667,Watches
54668,Watches
54669,Watches
54670,Watches
54671,Watches
54672,Watches
54674,Watches
54675,Watches
54676,Watches
54677,Watches
54678,Watches
54679,Watches
54680,Tunics
54681,Tunics
54682,Kurtas
54683,Kurtas
54684,Kurtas
54685,Kurtas
54686,Night suits
54687,Kurtas
54688,Dress
54689,Kurta Sets
54690,Kurtas
54691,Tunics
54692,Kurtas
54693,Kurtas
54694,Tunics
54695,Tunics
54696,Tunics
54697,Tunics
54698,Tunics
54699,Tunics
54700,Kurtas
54702,Kurtas
54703,Free Gifts
54704,Dupatta
54705,Kurta Sets
54706,Kurtas
54708,Tunics
54710,Kurtas
54711,Kurtas
54712,Dress
54713,Dupatta
54714,Free Gifts
54715,Night suits
54716,Tunics
54717,Kurtas
54718,Kurtas
54719,Kurtas
54720,Tunics
54721,Free Gifts
54722,Free Gifts
54723,Stoles
54724,Dupatta
54725,Kurtas
54726,Kurtas
54727,Kurtis
54728,Casual Shoes
54729,Formal Shoes
54730,Formal Shoes
54731,Casual Shoes
54732,Casual Shoes
54733,Casual Shoes
54734,Casual Shoes
54735,Casual Shoes
54736,Casual Shoes
54737,Casual Shoes
54738,Formal Shoes
54739,Casual Shoes
54740,Casual Shoes
54741,Casual Shoes
54742,Casual Shoes
54744,Kurtas
54767,Kurtas
54792,Jeans
54794,Jeans
54796,Jeans
54800,Jeans
54804,Handbags
54805,Handbags
54807,Handbags
54808,Clutches
54812,Handbags
54813,Skirts
54819,Duffel Bag
54823,Handbags
54827,Messenger Bag
54828,Mobile Pouch
54829,Messenger Bag
54831,Socks
54834,Handbags
54836,Perfume and Body Mist
54838,Clutches
54842,Belts
54849,Necklace and Chains
54850,Necklace and Chains
54851,Necklace and Chains
54852,Necklace and Chains
54853,Necklace and Chains
54854,Necklace and Chains
54856,Necklace and Chains
54857,Necklace and Chains
54858,Necklace and Chains
54859,Necklace and Chains
54860,Necklace and Chains
54861,Necklace and Chains
54862,Necklace and Chains
54863,Necklace and Chains
54864,Necklace and Chains
54865,Necklace and Chains
54866,Necklace and Chains
54867,Pendant
54868,Necklace and Chains
54869,Necklace and Chains
54870,Necklace and Chains
54871,Necklace and Chains
54872,Necklace and Chains
54873,Necklace and Chains
54874,Necklace and Chains
54875,Necklace and Chains
54876,Necklace and Chains
54877,Necklace and Chains
54878,Necklace and Chains
54879,Necklace and Chains
54880,Bracelet
54881,Necklace and Chains
54882,Necklace and Chains
54883,Pendant
54884,Necklace and Chains
54885,Necklace and Chains
54886,Bracelet
54888,Necklace and Chains
54889,Jackets
54890,Innerwear Vests
54891,Tshirts
54894,Trousers
54896,Leggings
54897,Tshirts
54899,Tshirts
54900,Tshirts
54901,Tshirts
54902,Tshirts
54903,Tshirts
54904,Tshirts
54905,Tshirts
54906,Tshirts
54907,Tshirts
54908,Tshirts
54909,Tshirts
54911,Tshirts
54913,Topwear
54914,Tshirts
54915,Tshirts
54918,Shorts
54919,Shorts
54921,Capris
54923,Trousers
54924,Boxers
54925,Boxers
54926,Tshirts
54927,Tshirts
54928,Tshirts
54929,Tshirts
54930,Tshirts
54931,Tshirts
54932,Kurtas
54933,Tops
54934,Tops
54935,Tshirts
54936,Jackets
54937,Topwear
54938,Tops
54939,Sweaters
54940,Tshirts
54941,Tshirts
54942,Tshirts
54943,Tshirts
54944,Tshirts
54945,Tshirts
54946,Tshirts
54947,Tshirts
54948,Jackets
54949,Jackets
54950,Tshirts
54951,Tshirts
54953,Tshirts
54954,Tshirts
54955,Tshirts
54957,Shirts
54958,Tshirts
54959,Jackets
54960,Tshirts
54961,Tshirts
54964,Tops
54965,Tshirts
54966,Sandals
54967,Deodorant
54968,Deodorant
54969,Deodorant
54970,Perfume and Body Mist
54971,Dresses
54972,Dresses
54973,Dresses
54974,Dresses
54975,Tshirts
54976,Dresses
54977,Capris
54978,Capris
54979,Shirts
54980,Sarees
54981,Tops
54982,Jeans
54983,Trousers
54984,Jeans
54985,Jeans
54986,Tops
54987,Kurtis
54988,Tops
54989,Kurtis
54990,Kurta Sets
54991,Tops
54992,Tops
54993,Kurtis
54995,Lips
54997,Lips
55000,Lips
55001,Lips
55002,Lips
55003,Lips
55004,Clutches
55005,Lips
55006,Lips
55007,Perfume and Body Mist
55008,Perfume and Body Mist
55009,Perfume and Body Mist
55010,Perfume and Body Mist
55012,Lips
55013,Makeup
55015,Lips
55016,Makeup
55018,Lips
55020,Lips
55021,Lips
55022,Lips
55023,Lips
55024,Lips
55025,Lips
55026,Lips
55027,Lips
55028,Lips
55029,Lips
55030,Lips
55031,Lips
55032,Lips
55033,Lips
55034,Lips
55035,Lips
55036,Lips
55037,Lips
55038,Lips
55039,Lips
55040,Lips
55041,Eyes
55042,Lips
55043,Lips
55044,Lips
55045,Makeup
55046,Makeup
55047,Deodorant
55048,Makeup
55049,Makeup
55050,Makeup
55051,Makeup
55052,Makeup
55053,Makeup
55054,Makeup
55055,Makeup
55056,Makeup
55057,Eyes
55058,Makeup
55059,Makeup
55060,Makeup
55061,Makeup
55062,Makeup
55063,Lips
55064,Makeup
55065,Makeup
55066,Makeup
55067,Lips
55068,Lips
55069,Perfume and Body Mist
55070,Eyes
55071,Makeup
55072,Lips
55073,Makeup
55074,Makeup
55075,Makeup
55078,Makeup
55079,Makeup
55080,Socks
55081,Watches
55083,Sports Equipment
55086,Perfume and Body Mist
55087,Perfume and Body Mist
55089,Tshirts
55090,Watches
55093,Accessory Gift Set
55094,Makeup
55095,Lips
55097,Lips
55098,Accessory Gift Set
55099,Lips
55100,Wallets
55101,Eyes
55107,Sports Equipment
55108,Sports Equipment
55109,Perfume and Body Mist
55110,Perfume and Body Mist
55111,Perfume and Body Mist
55112,Perfume and Body Mist
55113,Makeup
55114,Makeup
55115,Makeup
55116,Sandals
55117,Sandals
55118,Sandals
55119,Wallets
55120,Nails
55121,Nails
55122,Nails
55123,Nails
55124,Nails
55125,Nails
55126,Nails
55127,Nails
55128,Nails
55129,Nails
55130,Nails
55131,Nails
55132,Nails
55133,Nails
55134,Nails
55135,Nails
55136,Deodorant
55137,Nails
55138,Perfume and Body Mist
55139,Nails
55140,Nails
55141,Nails
55142,Nails
55143,Nails
55144,Nails
55145,Makeup
55146,Makeup
55147,Makeup
55148,Makeup
55149,Makeup
55150,Makeup
55151,Makeup
55152,Nails
55153,Perfume and Body Mist
55154,Makeup
55155,Perfume and Body Mist
55156,Perfume and Body Mist
55157,Makeup
55158,Makeup
55159,Makeup
55160,Makeup
55161,Makeup
55162,Makeup
55163,Makeup
55164,Perfume and Body Mist
55165,Perfume and Body Mist
55166,Nails
55168,Perfume and Body Mist
55170,Perfume and Body Mist
55172,Perfume and Body Mist
55173,Perfume and Body Mist
55175,Perfume and Body Mist
55177,Perfume and Body Mist
55179,Perfume and Body Mist
55180,Perfume and Body Mist
55181,Perfume and Body Mist
55184,Perfume and Body Mist
55185,Perfume and Body Mist
55186,Perfume and Body Mist
55187,Perfume and Body Mist
55190,Perfume and Body Mist
55191,Perfume and Body Mist
55192,Perfume and Body Mist
55194,Deodorant
55195,Perfume and Body Mist
55196,Perfume and Body Mist
55197,Perfume and Body Mist
55198,Deodorant
55200,Clutches
55201,Clutches
55202,Wristbands
55203,Wristbands
55205,Perfume and Body Mist
55206,Lips
55208,Lips
55209,Perfume and Body Mist
55210,Perfume and Body Mist
55211,Lips
55212,Perfume and Body Mist
55213,Lips
55214,Lips
55215,Lips
55216,Lips
55217,Lips
55218,Eyes
55219,Eyes
55220,Eyes
55221,Eyes
55222,Lips
55223,Lips
55224,Lips
55225,Makeup
55226,Makeup
55227,Lips
55228,Fragrance Gift Set
55229,Lips
55230,Fragrance Gift Set
55231,Fragrance Gift Set
55232,Fragrance Gift Set
55233,Lounge Shorts
55234,Deodorant
55235,Perfume and Body Mist
55236,Perfume and Body Mist
55237,Bath and Body
55238,Bath and Body
55239,Perfume and Body Mist
55240,Perfume and Body Mist
55241,Perfume and Body Mist
55242,Perfume and Body Mist
55243,Perfume and Body Mist
55244,Eyes
55245,Eyes
55246,Eyes
55247,Makeup
55248,Makeup
55249,Makeup
55250,Wristbands
55251,Heels
55252,Eyes
55253,Lips
55254,Lips
55255,Lips
55256,Makeup
55257,Eyes
55258,Makeup
55259,Eyes
55260,Eyes
55261,Lips
55262,Makeup
55263,Makeup
55264,Makeup
55265,Makeup
55266,Lips
55267,Makeup
55268,Makeup
55269,Makeup
55270,Makeup
55271,Makeup
55272,Makeup
55273,Eyes
55274,Eyes
55275,Eyes
55276,Eyes
55277,Perfume and Body Mist
55278,Perfume and Body Mist
55280,Wallets
55281,Wristbands
55282,Perfume and Body Mist
55283,Perfume and Body Mist
55284,Perfume and Body Mist
55285,Backpacks
55286,Wallets
55287,Wallets
55288,Wallets
55289,Wallets
55290,Lips
55291,Lips
55292,Lips
55293,Lips
55294,Lips
55295,Lips
55296,Bags
55297,Bags
55298,Bags
55299,Bags
55300,Makeup
55301,Makeup
55306,Briefs
55307,Socks
55314,Socks
55315,Socks
55316,Socks
55317,Perfume and Body Mist
55318,Perfume and Body Mist
55319,Apparel Set
55320,Perfume and Body Mist
55321,Perfume and Body Mist
55322,Perfume and Body Mist
55323,Shoe Accessories
55324,Deodorant
55325,Perfume and Body Mist
55326,Perfume and Body Mist
55328,Perfume and Body Mist
55329,Shoe Accessories
55330,Shoe Accessories
55331,Shoe Accessories
55332,Shoe Accessories
55333,Wallets
55334,Perfume and Body Mist
55335,Socks
55336,Wallets
55337,Deodorant
55338,Perfume and Body Mist
55339,Perfume and Body Mist
55344,Perfume and Body Mist
55347,Perfume and Body Mist
55349,Bags
55350,Clutches
55351,Wristbands
55352,Nails
55354,Nails
55357,Makeup
55358,Nails
55359,Nails
55361,Nails
55362,Perfume and Body Mist
55363,Nails
55364,Nails
55365,Makeup
55366,Makeup
55368,Makeup
55369,Nails
55370,Nails
55373,Nails
55375,Makeup
55376,Nails
55377,Nails
55378,Nails
55379,Nails
55380,Deodorant
55381,Nails
55382,Nails
55383,Nails
55384,Nails
55385,Lips
55387,Nails
55388,Makeup
55389,Perfume and Body Mist
55390,Nails
55391,Perfume and Body Mist
55392,Perfume and Body Mist
55394,Perfume and Body Mist
55395,Lips
55396,Eyes
55397,Lips
55398,Necklace and Chains
55399,Makeup
55400,Makeup
55402,Makeup
55407,Makeup
55408,Lips
55409,Makeup
55410,Makeup
55418,Makeup
55419,Lips
55420,Lips
55421,Makeup
55423,Lips
55424,Makeup
55425,Makeup
55426,Lips
55427,Makeup
55428,Lips
55429,Lips
55430,Tops
55431,Tops
55432,Tops
55433,Tops
55434,Tops
55436,Tops
55437,Tops
55438,Tops
55439,Tops
55440,Tops
55441,Tops
55442,Tops
55443,Lips
55444,Makeup
55445,Makeup
55446,Makeup
55447,Makeup
55448,Makeup
55449,Makeup
55450,Deodorant
55451,Makeup
55454,Lips
55455,Lips
55456,Lips
55457,Lips
55458,Lips
55459,Lips
55460,Lips
55461,Lips
55462,Lips
55463,Makeup
55464,Makeup
55465,Makeup
55466,Lips
55467,Lips
55468,Makeup
55469,Makeup
55470,Lips
55471,Lips
55472,Lips
55473,Lips
55474,Lips
55475,Lips
55476,Lips
55477,Lips
55478,Eyes
55479,Lips
55480,Lips
55482,Lips
55485,Makeup
55486,Eyes
55487,Makeup
55488,Lips
55489,Makeup
55490,Makeup
55491,Makeup
55492,Makeup
55493,Makeup
55494,Makeup
55495,Perfume and Body Mist
55496,Perfume and Body Mist
55497,Makeup
55498,Makeup
55499,Makeup
55500,Makeup
55501,Lips
55502,Lips
55503,Deodorant
55504,Deodorant
55505,Deodorant
55506,Lips
55507,Lips
55508,Deodorant
55509,Lips
55510,Lips
55511,Lips
55512,Lips
55513,Perfume and Body Mist
55514,Perfume and Body Mist
55516,Perfume and Body Mist
55517,Fragrance Gift Set
55518,Perfume and Body Mist
55519,Perfume and Body Mist
55520,Makeup
55521,Perfume and Body Mist
55522,Perfume and Body Mist
55523,Makeup
55524,Perfume and Body Mist
55525,Perfume and Body Mist
55526,Perfume and Body Mist
55527,Makeup
55528,Makeup
55529,Perfume and Body Mist
55530,Makeup
55531,Makeup
55532,Makeup
55533,Perfume and Body Mist
55534,Perfume and Body Mist
55535,Wallets
55536,Wallets
55537,Wallets
55538,Nails
55539,Makeup
55540,Wallets
55541,Eyes
55542,Eyes
55543,Eyes
55544,Eyes
55545,Eyes
55546,Eyes
55547,Eyes
55548,Eyes
55549,Eyes
55550,Eyes
55551,Makeup
55553,Lips
55556,Makeup
55557,Makeup
55558,Lips
55559,Lips
55560,Perfume and Body Mist
55561,Apparel Set
55564,Deodorant
55565,Deodorant
55568,Deodorant
55569,Deodorant
55570,Deodorant
55571,Deodorant
55572,Lips
55573,Lips
55574,Wallets
55575,Perfume and Body Mist
55576,Wallets
55577,Wristbands
55578,Heels
55579,Heels
55580,Wristbands
55581,Wallets
55582,Wallets
55583,Deodorant
55584,Wallets
55585,Wallets
55586,Wallets
55587,Makeup
55590,Jackets
55591,Sweaters
55595,Shirts
55597,Shirts
55599,Shirts
55608,Shirts
55612,Formal Shoes
55613,Formal Shoes
55614,Formal Shoes
55615,Formal Shoes
55616,Formal Shoes
55617,Formal Shoes
55618,Formal Shoes
55619,Formal Shoes
55620,Formal Shoes
55621,Formal Shoes
55622,Formal Shoes
55623,Formal Shoes
55624,Formal Shoes
55625,Formal Shoes
55626,Formal Shoes
55627,Formal Shoes
55628,Formal Shoes
55629,Formal Shoes
55630,Flats
55631,Flats
55632,Flats
55633,Heels
55634,Heels
55635,Heels
55636,Flats
55637,Flats
55638,Heels
55639,Heels
55640,Heels
55641,Heels
55642,Heels
55643,Heels
55644,Heels
55645,Heels
55646,Sandals
55647,Flats
55648,Flats
55649,Heels
55650,Heels
55651,Flats
55652,Flats
55653,Flats
55654,Heels
55655,Heels
55656,Heels
55657,Heels
55783,Casual Shoes
55784,Casual Shoes
55785,Casual Shoes
55786,Tunics
55787,Skirts
55788,Tunics
55789,Sarees
55790,Sarees
55791,Night suits
55794,Night suits
55795,Night suits
55796,Night suits
55797,Dresses
55798,Nightdress
55799,Dresses
55800,Dresses
55801,Dresses
55802,Night suits
55803,Night suits
55804,Night suits
55805,Capris
55806,Night suits
55807,Night suits
55809,Night suits
55810,Night suits
55811,Night suits
55812,Nightdress
55813,Night suits
55814,Night suits
55817,Kurta Sets
55818,Night suits
55819,Night suits
55821,Night suits
55822,Night suits
55823,Night suits
55824,Kurta Sets
55825,Kurta Sets
55826,Kurta Sets
55827,Kurta Sets
55828,Night suits
55829,Kurta Sets
55830,Kurta Sets
55831,Night suits
55832,Kurta Sets
55833,Makeup
55834,Perfume and Body Mist
55835,Perfume and Body Mist
55836,Deodorant
55837,Perfume and Body Mist
55838,Perfume and Body Mist
55839,Perfume and Body Mist
55840,Perfume and Body Mist
55841,Perfume and Body Mist
55842,Perfume and Body Mist
55843,Perfume and Body Mist
55844,Perfume and Body Mist
55845,Perfume and Body Mist
55846,Perfume and Body Mist
55847,Perfume and Body Mist
55848,Deodorant
55849,Perfume and Body Mist
55850,Perfume and Body Mist
55851,Perfume and Body Mist
55852,Perfume and Body Mist
55853,Perfume and Body Mist
55854,Perfume and Body Mist
55855,Perfume and Body Mist
55856,Perfume and Body Mist
55857,Perfume and Body Mist
55858,Perfume and Body Mist
55859,Perfume and Body Mist
55860,Perfume and Body Mist
55861,Perfume and Body Mist
55862,Perfume and Body Mist
55863,Perfume and Body Mist
55864,Lips
55865,Lips
55866,Perfume and Body Mist
55867,Nails
55868,Perfume and Body Mist
55869,Perfume and Body Mist
55870,Perfume and Body Mist
55871,Perfume and Body Mist
55872,Lips
55873,Perfume and Body Mist
55874,Perfume and Body Mist
55875,Perfume and Body Mist
55876,Lips
55877,Perfume and Body Mist
55878,Perfume and Body Mist
55879,Perfume and Body Mist
55880,Perfume and Body Mist
55881,Lips
55882,Perfume and Body Mist
55883,Perfume and Body Mist
55884,Perfume and Body Mist
55885,Perfume and Body Mist
55886,Mobile Pouch
55887,Perfume and Body Mist
55888,Perfume and Body Mist
55889,Perfume and Body Mist
55890,Perfume and Body Mist
55891,Perfume and Body Mist
55892,Perfume and Body Mist
55893,Lips
55894,Perfume and Body Mist
55895,Perfume and Body Mist
55896,Perfume and Body Mist
55897,Lips
55898,Perfume and Body Mist
55899,Lips
55900,Perfume and Body Mist
55901,Perfume and Body Mist
55902,Perfume and Body Mist
55903,Perfume and Body Mist
55904,Perfume and Body Mist
55905,Perfume and Body Mist
55906,Perfume and Body Mist
55907,Perfume and Body Mist
55909,Perfume and Body Mist
55910,Perfume and Body Mist
55911,Perfume and Body Mist
55912,Perfume and Body Mist
55913,Perfume and Body Mist
55914,Perfume and Body Mist
55915,Perfume and Body Mist
55916,Perfume and Body Mist
55917,Perfume and Body Mist
55918,Perfume and Body Mist
55919,Perfume and Body Mist
55920,Perfume and Body Mist
55921,Perfume and Body Mist
55922,Perfume and Body Mist
55923,Perfume and Body Mist
55924,Perfume and Body Mist
55925,Perfume and Body Mist
55926,Perfume and Body Mist
55927,Perfume and Body Mist
55928,Perfume and Body Mist
55929,Perfume and Body Mist
55930,Perfume and Body Mist
55931,Perfume and Body Mist
55932,Perfume and Body Mist
55933,Perfume and Body Mist
55935,Perfume and Body Mist
55936,Perfume and Body Mist
55937,Perfume and Body Mist
55938,Perfume and Body Mist
55939,Perfume and Body Mist
55940,Perfume and Body Mist
55941,Perfume and Body Mist
55942,Perfume and Body Mist
55943,Perfume and Body Mist
55944,Perfume and Body Mist
55945,Perfume and Body Mist
55946,Perfume and Body Mist
55947,Perfume and Body Mist
55948,Perfume and Body Mist
55949,Perfume and Body Mist
55950,Perfume and Body Mist
55951,Perfume and Body Mist
55952,Perfume and Body Mist
55953,Perfume and Body Mist
55954,Lips
55955,Perfume and Body Mist
55956,Lips
55957,Lips
55958,Lips
55959,Lips
55960,Lips
55961,Lips
55962,Lips
55963,Wallets
55964,Lips
55965,Perfume and Body Mist
55966,Lips
55967,Lips
55968,Perfume and Body Mist
55969,Lips
55970,Lips
55971,Lips
55972,Lips
55973,Lips
55974,Lips
55975,Perfume and Body Mist
55976,Lips
55977,Scarves
55978,Lips
55979,Lips
55980,Lips
55981,Perfume and Body Mist
55982,Lips
55983,Perfume and Body Mist
55984,Perfume and Body Mist
55985,Lips
55986,Perfume and Body Mist
55987,Lips
55988,Lips
55989,Scarves
55990,Lips
55991,Lips
55992,Lips
55993,Lips
55994,Lips
55995,Lips
55996,Lips
55997,Lips
55998,Perfume and Body Mist
55999,Lips
56000,Lips
56001,Lips
56002,Lips
56003,Perfume and Body Mist
56004,Lips
56005,Lips
56006,Lips
56007,Lips
56008,Lips
56009,Lips
56010,Lips
56011,Lips
56012,Lips
56013,Lips
56014,Lips
56015,Lips
56016,Lips
56017,Lips
56018,Lips
56019,Lips
56020,Lips
56021,Lips
56022,Lips
56023,Lips
56024,Lips
56025,Lips
56026,Lips
56027,Lips
56028,Lips
56029,Lips
56030,Lips
56031,Lips
56032,Lips
56033,Lips
56034,Lips
56035,Lips
56036,Lips
56037,Lips
56038,Lips
56039,Lips
56040,Lips
56041,Lips
56042,Lips
56043,Lips
56044,Lips
56045,Lips
56046,Lips
56047,Lips
56048,Lips
56049,Lips
56050,Lips
56051,Lips
56052,Lips
56053,Lips
56054,Eyes
56055,Lips
56056,Lips
56057,Lips
56058,Lips
56059,Lips
56060,Lips
56061,Lips
56062,Lips
56063,Lips
56064,Eyes
56065,Lips
56066,Lips
56067,Lips
56068,Perfume and Body Mist
56069,Perfume and Body Mist
56070,Eyes
56071,Lips
56072,Eyes
56073,Eyes
56074,Lips
56075,Makeup
56076,Eyes
56077,Eyes
56078,Lips
56079,Lips
56080,Lips
56081,Lips
56082,Lips
56083,Lips
56084,Lips
56085,Lips
56086,Lips
56087,Lips
56088,Lips
56089,Lips
56090,Lips
56091,Lips
56092,Lips
56093,Lips
56094,Makeup
56095,Lips
56096,Lips
56097,Lips
56098,Lips
56099,Lips
56100,Lips
56101,Lips
56102,Lips
56103,Perfume and Body Mist
56104,Lips
56105,Lips
56106,Lips
56107,Lips
56108,Lips
56109,Perfume and Body Mist
56110,Perfume and Body Mist
56111,Perfume and Body Mist
56112,Perfume and Body Mist
56113,Perfume and Body Mist
56114,Perfume and Body Mist
56115,Perfume and Body Mist
56116,Perfume and Body Mist
56117,Perfume and Body Mist
56118,Perfume and Body Mist
56119,Perfume and Body Mist
56120,Perfume and Body Mist
56121,Lips
56122,Makeup
56123,Makeup
56124,Makeup
56125,Perfume and Body Mist
56126,Perfume and Body Mist
56127,Makeup
56128,Lips
56129,Lips
56133,Perfume and Body Mist
56134,Perfume and Body Mist
56135,Perfume and Body Mist
56136,Perfume and Body Mist
56137,Perfume and Body Mist
56138,Perfume and Body Mist
56139,Perfume and Body Mist
56140,Perfume and Body Mist
56141,Perfume and Body Mist
56142,Perfume and Body Mist
56143,Sports Shoes
56144,Heels
56145,Heels
56146,Sports Shoes
56147,Heels
56148,Heels
56149,Eyes
56150,Eyes
56151,Eyes
56152,Lips
56153,Eyes
56154,Perfume and Body Mist
56155,Lips
56156,Eyes
56157,Perfume and Body Mist
56158,Eyes
56159,Eyes
56160,Eyes
56161,Lips
56162,Eyes
56164,Eyes
56165,Eyes
56166,Trunk
56167,Makeup
56168,Lips
56170,Perfume and Body Mist
56171,Lips
56172,Lips
56173,Lips
56174,Lips
56175,Lips
56176,Lips
56177,Lips
56178,Perfume and Body Mist
56179,Perfume and Body Mist
56180,Perfume and Body Mist
56181,Heels
56182,Heels
56183,Flats
56184,Flats
56185,Makeup
56186,Makeup
56187,Makeup
56188,Makeup
56189,Watches
56190,Socks
56191,Socks
56192,Socks
56193,Perfume and Body Mist
56194,Perfume and Body Mist
56195,Makeup
56196,Perfume and Body Mist
56198,Bangle
56199,Jewellery Set
56201,Jewellery Set
56202,Earrings
56203,Pendant
56205,Pendant
56206,Earrings
56207,Pendant
56208,Pendant
56209,Pendant
56210,Pendant
56211,Earrings
56212,Pendant
56213,Earrings
56214,Earrings
56215,Earrings
56216,Earrings
56217,Jewellery Set
56218,Jewellery Set
56219,Jewellery Set
56220,Jewellery Set
56221,Night suits
56222,Night suits
56223,Sarees
56224,Leggings
56225,Tracksuits
56226,Tracksuits
56227,Night suits
56228,Night suits
56229,Night suits
56230,Tracksuits
56231,Night suits
56232,Jeans
56233,Night suits
56234,Tracksuits
56235,Night suits
56236,Night suits
56237,Jeans
56238,Tracksuits
56239,Night suits
56240,Night suits
56241,Night suits
56243,Night suits
56244,Jeans
56245,Jeans
56247,Night suits
56248,Track Pants
56249,Night suits
56250,Tracksuits
56251,Tracksuits
56252,Night suits
56253,Night suits
56254,Night suits
56255,Night suits
56256,Night suits
56257,Capris
56258,Night suits
56260,Night suits
56261,Night suits
56262,Night suits
56263,Night suits
56265,Night suits
56266,Night suits
56267,Night suits
56268,Night suits
56269,Night suits
56270,Bra
56271,Bra
56272,Bra
56273,Bra
56274,Bra
56275,Bra
56276,Bra
56277,Bra
56278,Bra
56279,Bra
56280,Bra
56281,Bra
56282,Bra
56283,Bra
56284,Bra
56285,Bra
56286,Bra
56287,Bra
56288,Bra
56289,Bra
56290,Briefs
56291,Briefs
56292,Bra
56293,Bra
56294,Bra
56295,Bra
56296,Briefs
56297,Briefs
56298,Bra
56299,Bra
56300,Bra
56301,Bra
56302,Bra
56303,Briefs
56304,Briefs
56305,Briefs
56306,Bra
56307,Bra
56308,Briefs
56309,Briefs
56310,Bra
56311,Bra
56312,Watches
56313,Watches
56314,Watches
56315,Watches
56316,Watches
56317,Watches
56318,Watches
56319,Watches
56320,Watches
56321,Watches
56322,Watches
56323,Watches
56324,Watches
56326,Watches
56327,Watches
56329,Watches
56330,Watches
56331,Watches
56332,Watches
56333,Watches
56335,Watches
56336,Watches
56337,Watches
56338,Watches
56339,Watches
56340,Watches
56341,Watches
56342,Watches
56343,Free Gifts
56344,Watches
56346,Watches
56348,Watches
56349,Perfume and Body Mist
56351,Perfume and Body Mist
56352,Perfume and Body Mist
56353,Perfume and Body Mist
56354,Perfume and Body Mist
56355,Fragrance Gift Set
56356,Deodorant
56359,Perfume and Body Mist
56360,Perfume and Body Mist
56361,Perfume and Body Mist
56362,Perfume and Body Mist
56363,Perfume and Body Mist
56364,Perfume and Body Mist
56365,Perfume and Body Mist
56366,Perfume and Body Mist
56367,Perfume and Body Mist
56368,Perfume and Body Mist
56375,Perfume and Body Mist
56376,Perfume and Body Mist
56377,Perfume and Body Mist
56378,Perfume and Body Mist
56379,Perfume and Body Mist
56380,Perfume and Body Mist
56381,Perfume and Body Mist
56385,Perfume and Body Mist
56386,Innerwear Vests
56388,Perfume and Body Mist
56389,Perfume and Body Mist
56390,Perfume and Body Mist
56391,Perfume and Body Mist
56392,Perfume and Body Mist
56393,Perfume and Body Mist
56394,Perfume and Body Mist
56395,Perfume and Body Mist
56402,Heels
56403,Flats
56404,Flats
56405,Flats
56406,Flats
56407,Flats
56410,Formal Shoes
56411,Sandals
56412,Sandals
56413,Sandals
56414,Sandals
56415,Sandals
56416,Bra
56417,Bra
56418,Bra
56419,Bra
56420,Bra
56421,Bra
56422,Bra
56423,Bra
56424,Sports Equipment
56425,Mobile Pouch
56427,Mobile Pouch
56428,Handbags
56429,Casual Shoes
56432,Perfume and Body Mist
56436,Nails
56440,Nails
56443,Perfume and Body Mist
56444,Nails
56446,Perfume and Body Mist
56447,Perfume and Body Mist
56448,Nails
56450,Perfume and Body Mist
56451,Perfume and Body Mist
56452,Nails
56454,Perfume and Body Mist
56455,Perfume and Body Mist
56456,Perfume and Body Mist
56458,Nails
56460,Perfume and Body Mist
56461,Nails
56462,Perfume and Body Mist
56463,Nails
56464,Perfume and Body Mist
56465,Perfume and Body Mist
56466,Nails
56467,Perfume and Body Mist
56468,Perfume and Body Mist
56469,Perfume and Body Mist
56470,Nails
56471,Perfume and Body Mist
56472,Nails
56473,Nails
56474,Perfume and Body Mist
56475,Perfume and Body Mist
56476,Perfume and Body Mist
56477,Perfume and Body Mist
56478,Perfume and Body Mist
56479,Perfume and Body Mist
56480,Perfume and Body Mist
56481,Nails
56482,Perfume and Body Mist
56483,Perfume and Body Mist
56484,Perfume and Body Mist
56485,Nails
56486,Nails
56488,Perfume and Body Mist
56489,Perfume and Body Mist
56490,Makeup
56491,Perfume and Body Mist
56492,Perfume and Body Mist
56493,Perfume and Body Mist
56494,Perfume and Body Mist
56495,Perfume and Body Mist
56496,Nails
56497,Nails
56498,Nails
56499,Perfume and Body Mist
56500,Perfume and Body Mist
56501,Perfume and Body Mist
56502,Nails
56503,Nails
56504,Nails
56505,Nails
56506,Lips
56507,Lips
56508,Lips
56509,Lips
56511,Lips
56512,Lips
56513,Lips
56515,Lips
56516,Lips
56517,Lips
56518,Lips
56519,Lips
56520,Lips
56521,Lips
56522,Lips
56523,Lips
56524,Lips
56525,Lips
56526,Lips
56527,Lips
56528,Lips
56529,Lips
56530,Lips
56531,Lips
56532,Lips
56533,Lips
56534,Lips
56535,Lips
56536,Lips
56537,Lips
56539,Lips
56540,Lips
56541,Lips
56542,Lips
56543,Perfume and Body Mist
56544,Makeup
56545,Makeup
56546,Perfume and Body Mist
56547,Makeup
56548,Makeup
56549,Makeup
56550,Eyes
56551,Lips
56553,Deodorant
56554,Deodorant
56555,Lips
56556,Lips
56558,Lips
56559,Lips
56560,Lips
56561,Lips
56562,Lips
56563,Lips
56564,Lips
56565,Lips
56566,Lips
56568,Perfume and Body Mist
56569,Perfume and Body Mist
56570,Perfume and Body Mist
56571,Perfume and Body Mist
56572,Nails
56573,Perfume and Body Mist
56574,Perfume and Body Mist
56575,Lips
56576,Lips
56579,Perfume and Body Mist
56580,Perfume and Body Mist
56581,Wallets
56582,Wallets
56583,Deodorant
56584,Deodorant
56585,Deodorant
56588,Lips
56590,Water Bottle
56591,Perfume and Body Mist
56592,Perfume and Body Mist
56593,Perfume and Body Mist
56594,Lips
56597,Eyes
56598,Eyes
56599,Makeup
56600,Makeup
56601,Makeup
56602,Makeup
56603,Makeup
56604,Makeup
56605,Lips
56606,Watches
56607,Makeup
56608,Makeup
56609,Makeup
56610,Makeup
56611,Makeup
56612,Wallets
56613,Shoe Accessories
56614,Shoe Accessories
56615,Wristbands
56616,Wristbands
56617,Perfume and Body Mist
56618,Shoe Accessories
56619,Sports Equipment
56620,Perfume and Body Mist
56622,Perfume and Body Mist
56624,Perfume and Body Mist
56626,Perfume and Body Mist
56627,Deodorant
56631,Deodorant
56632,Perfume and Body Mist
56634,Socks
56638,Tunics
56639,Kurtis
56640,Kurtis
56642,Kurtis
56643,Kurtis
56646,Tops
56647,Tshirts
56649,Tops
56650,Tops
56651,Tops
56652,Formal Shoes
56653,Casual Shoes
56654,Casual Shoes
56655,Casual Shoes
56656,Casual Shoes
56657,Casual Shoes
56658,Casual Shoes
56659,Formal Shoes
56660,Sandals
56661,Sandals
56662,Casual Shoes
56663,Formal Shoes
56664,Sandals
56665,Formal Shoes
56666,Casual Shoes
56667,Watches
56668,Watches
56669,Watches
56670,Watches
56671,Watches
56672,Watches
56673,Watches
56674,Watches
56675,Watches
56676,Watches
56677,Watches
56678,Watches
56679,Heels
56680,Heels
56681,Watches
56682,Watches
56684,Sarees
56685,Sarees
56686,Sarees
56687,Sarees
56688,Kurtas
56689,Kurtas
56691,Kurtas
56692,Kurtas
56693,Kurtis
56694,Tunics
56695,Shirts
56696,Tshirts
56697,Shirts
56698,Tshirts
56699,Kurtis
56700,Tshirts
56701,Tshirts
56702,Shirts
56703,Tshirts
56704,Tshirts
56705,Kurtas
56709,Kurtas
56711,Kurtas
56713,Kurtas
56714,Kurtas
56715,Kurtas
56718,Kurtas
56720,Casual Shoes
56721,Casual Shoes
56722,Casual Shoes
56723,Casual Shoes
56724,Flip Flops
56725,Tshirts
56733,Tshirts
56734,Innerwear Vests
56736,Tshirts
56752,Tshirts
56753,Tshirts
56765,Jackets
56769,Shirts
56770,Shirts
56771,Shirts
56787,Shirts
56795,Jeans
56798,Jeans
56805,Kurta Sets
56806,Kurtas
56807,Tunics
56808,Kurtas
56809,Kurtis
56810,Kurtas
56811,Kurtis
56812,Kurtas
56813,Kurtis
56814,Tunics
56815,Kurtas
56816,Shirts
56817,Innerwear Vests
56818,Tshirts
56819,Shirts
56820,Shirts
56821,Shorts
56822,Shorts
56825,Jackets
56827,Jeans
56828,Jeans
56829,Jeans
56843,Jeans
56844,Jeans
56845,Jeans
56846,Jeans
56847,Jeans
56849,Jeans
56850,Jeans
56852,Jeans
56854,Shirts
56855,Shirts
56856,Flip Flops
56857,Flip Flops
56858,Flip Flops
56859,Flats
56860,Flats
56861,Flats
56862,Flats
56863,Heels
56864,Heels
56865,Flats
56866,Flats
56867,Flats
56868,Flats
56869,Flats
56870,Flats
56871,Heels
56872,Heels
56873,Flats
56874,Flats
56875,Heels
56876,Heels
56877,Heels
56878,Heels
56879,Heels
56880,Heels
56881,Heels
56882,Heels
56883,Heels
56884,Flats
56885,Flats
56886,Heels
56887,Heels
56888,Flats
56889,Flats
56890,Flats
56891,Flats
56893,Flats
56894,Heels
56895,Heels
56896,Heels
56897,Heels
56898,Heels
56899,Heels
56900,Heels
56901,Heels
56902,Flats
56903,Flats
56904,Flats
56905,Flats
56906,Flats
56907,Heels
56908,Flats
56909,Flats
56910,Flats
56911,Flats
56912,Flats
56913,Flats
56914,Flats
56915,Heels
56916,Flats
56917,Flats
56918,Flats
56919,Flats
56920,Heels
56921,Heels
56922,Heels
56923,Flats
56924,Flats
56925,Flats
56926,Flats
56927,Heels
56928,Heels
56929,Heels
56930,Heels
56931,Heels
56932,Flats
56933,Heels
56934,Heels
56935,Flats
56936,Heels
56937,Heels
56938,Heels
56939,Heels
56940,Heels
56941,Heels
56942,Heels
56943,Heels
56944,Heels
56945,Heels
56946,Heels
56947,Heels
56948,Flats
56949,Heels
56950,Heels
56951,Heels
56952,Heels
56953,Heels
56954,Heels
56955,Heels
56956,Flats
56957,Flats
56958,Flats
56959,Flip Flops
56960,Heels
56961,Flats
56962,Flats
56963,Heels
56964,Flats
56965,Flats
56966,Flats
56967,Heels
56968,Flats
56969,Flats
56970,Flats
56971,Flats
56972,Flats
56973,Flats
56974,Flats
56975,Flats
56976,Flats
56977,Heels
56978,Flats
56979,Flats
56980,Flats
56981,Flats
56982,Flats
56983,Flats
56984,Heels
56985,Heels
56986,Flats
56987,Heels
56988,Flats
56989,Heels
56990,Flats
56991,Flats
56992,Flats
56993,Flats
56994,Heels
56995,Heels
56996,Heels
56997,Heels
56998,Flats
56999,Flats
57000,Heels
57001,Flats
57002,Flats
57003,Flats
57004,Flats
57005,Flats
57006,Heels
57007,Flats
57008,Flats
57009,Flats
57010,Flats
57011,Flats
57012,Flats
57013,Flats
57014,Heels
57015,Briefs
57016,Briefs
57017,Briefs
57018,Briefs
57019,Briefs
57021,Briefs
57022,Briefs
57023,Briefs
57024,Briefs
57025,Briefs
57026,Briefs
57027,Briefs
57028,Tshirts
57029,Innerwear Vests
57030,Tunics
57031,Dresses
57032,Tops
57033,Innerwear Vests
57034,Nightdress
57035,Dresses
57036,Sarees
57037,Tunics
57038,Sarees
57039,Dresses
57040,Dresses
57041,Dresses
57042,Dresses
57043,Dresses
57044,Dresses
57045,Dresses
57046,Dresses
57047,Dresses
57048,Dresses
57049,Dresses
57050,Dresses
57051,Skirts
57052,Dresses
57053,Dresses
57054,Dresses
57055,Tunics
57056,Dresses
57057,Dresses
57058,Dresses
57059,Dresses
57060,Dresses
57061,Dresses
57062,Tshirts
57063,Sweaters
57064,Sweaters
57065,Tops
57066,Kurtis
57067,Dresses
57068,Topwear
57069,Innerwear Vests
57070,Jeans
57071,Trousers
57072,Trousers
57073,Jeans
57074,Jeans
57075,Leggings
57076,Jeans
57077,Jeans
57078,Track Pants
57079,Tops
57080,Sweatshirts
57081,Innerwear Vests
57082,Shorts
57083,Skirts
57084,Skirts
57085,Capris
57086,Skirts
57087,Dresses
57088,Skirts
57089,Skirts
57090,Shorts
57091,Skirts
57092,Dresses
57093,Capris
57094,Shorts
57095,Shorts
57096,Capris
57097,Capris
57099,Skirts
57100,Tops
57101,Tops
57102,Tops
57103,Tunics
57104,Tshirts
57105,Tops
57106,Tops
57107,Tshirts
57108,Tops
57109,Tunics
57110,Shirts
57111,Tops
57112,Tops
57114,Tops
57115,Dresses
57116,Tops
57117,Tops
57118,Tops
57119,Tops
57120,Jackets
57121,Jackets
57122,Tops
57123,Tops
57124,Tops
57125,Tops
57126,Tops
57127,Tops
57128,Tunics
57129,Tops
57130,Tops
57131,Tops
57132,Tops
57133,Topwear
57134,Tops
57135,Tshirts
57136,Jeans
57137,Trousers
57138,Lounge Pants
57139,Lounge Pants
57140,Leggings
57141,Trousers
57142,Tops
57143,Tops
57144,Dresses
57145,Tops
57146,Innerwear Vests
57147,Tops
57148,Tops
57149,Tops
57150,Tops
57151,Tops
57152,Tshirts
57153,Innerwear Vests
57154,Tops
57155,Tops
57156,Tops
57157,Tshirts
57158,Tshirts
57159,Tops
57160,Tops
57161,Tshirts
57162,Tshirts
57163,Tops
57164,Tops
57165,Tops
57166,Tops
57167,Innerwear Vests
57168,Tops
57169,Tops
57170,Jackets
57171,Skirts
57172,Tshirts
57173,Tops
57174,Tops
57175,Tshirts
57176,Tops
57177,Kurtis
57178,Shirts
57179,Kurtis
57180,Tunics
57181,Dresses
57182,Dresses
57183,Tops
57184,Tunics
57185,Dresses
57186,Dresses
57187,Dresses
57188,Kurtas
57189,Tops
57190,Shirts
57191,Tops
57192,Dresses
57193,Tops
57194,Tops
57195,Tunics
57196,Tunics
57197,Tops
57198,Tops
57199,Dresses
57200,Dresses
57201,Tops
57202,Dresses
57203,Tunics
57204,Capris
57205,Capris
57207,Capris
57208,Jeans
57209,Jeans
57210,Jeans
57211,Leggings
57212,Jeans
57213,Jeans
57214,Shorts
57215,Trousers
57216,Shorts
57217,Capris
57218,Capris
57225,Handbags
57226,Handbags
57229,Handbags
57230,Handbags
57231,Handbags
57235,Handbags
57236,Handbags
57237,Handbags
57238,Handbags
57239,Handbags
57240,Handbags
57241,Handbags
57242,Duffel Bag
57243,Handbags
57244,Handbags
57246,Handbags
57247,Handbags
57252,Handbags
57253,Handbags
57254,Handbags
57255,Handbags
57256,Handbags
57258,Handbags
57259,Handbags
57261,Handbags
57262,Handbags
57263,Bags
57264,Handbags
57266,Handbags
57268,Tshirts
57273,Jackets
57274,Shirts
57275,Shirts
57276,Shirts
57277,Shirts
57280,Shirts
57281,Shirts
57282,Shirts
57283,Shirts
57284,Kurtis
57285,Shirts
57286,Shirts
57287,Shirts
57288,Shirts
57289,Shirts
57290,Shirts
57291,Shirts
57292,Shirts
57293,Tunics
57294,Shirts
57295,Shirts
57296,Shirts
57297,Shirts
57298,Flats
57299,Flats
57300,Flats
57301,Heels
57302,Flats
57303,Heels
57304,Heels
57305,Flats
57306,Heels
57307,Flats
57308,Flats
57309,Flats
57310,Tshirts
57311,Bra
57312,Bra
57313,Bra
57316,Bra
57318,Bra
57319,Bra
57320,Bra
57321,Bra
57322,Bra
57323,Bra
57324,Bra
57325,Bra
57326,Bra
57327,Bra
57328,Bra
57329,Bra
57330,Bra
57331,Bra
57333,Bra
57334,Bra
57335,Bra
57336,Bra
57338,Bra
57339,Bra
57340,Bra
57342,Bra
57343,Bra
57344,Bra
57345,Bra
57346,Bra
57347,Bra
57348,Bra
57349,Bra
57350,Bra
57351,Bra
57352,Bra
57353,Bra
57354,Bra
57355,Bra
57356,Bra
57357,Bra
57358,Bra
57359,Bra
57360,Bra
57361,Bra
57362,Bra
57363,Bra
57365,Briefs
57366,Briefs
57367,Briefs
57368,Briefs
57369,Briefs
57370,Briefs
57371,Briefs
57372,Briefs
57373,Briefs
57374,Briefs
57375,Briefs
57376,Briefs
57378,Briefs
57379,Briefs
57380,Briefs
57382,Briefs
57383,Briefs
57384,Briefs
57388,Briefs
57389,Briefs
57390,Briefs
57391,Briefs
57392,Briefs
57393,Briefs
57395,Briefs
57397,Briefs
57398,Briefs
57399,Briefs
57400,Briefs
57401,Briefs
57402,Briefs
57403,Briefs
57404,Briefs
57405,Briefs
57406,Briefs
57407,Briefs
57408,Briefs
57409,Briefs
57410,Briefs
57411,Briefs
57412,Briefs
57413,Briefs
57414,Briefs
57415,Briefs
57416,Tracksuits
57418,Nightdress
57419,Dresses
57420,Tshirts
57421,Tshirts
57422,Tshirts
57423,Tshirts
57424,Tshirts
57425,Tshirts
57426,Tops
57427,Tops
57428,Tshirts
57429,Tshirts
57430,Tshirts
57431,Tshirts
57432,Tshirts
57433,Tshirts
57434,Tshirts
57435,Tshirts
57436,Tshirts
57437,Tshirts
57438,Tshirts
57439,Tshirts
57440,Tshirts
57441,Tshirts
57442,Tops
57443,Tshirts
57444,Tshirts
57445,Tshirts
57446,Tshirts
57447,Tshirts
57448,Tshirts
57449,Tshirts
57450,Tshirts
57457,Handbags
57458,Handbags
57459,Bags
57462,Clutches
57463,Belts
57466,Flip Flops
57467,Casual Shoes
57468,Flip Flops
57469,Casual Shoes
57470,Casual Shoes
57471,Sandals
57475,Sandals
57476,Formal Shoes
57477,Casual Shoes
57478,Casual Shoes
57479,Casual Shoes
57480,Casual Shoes
57481,Casual Shoes
57482,Casual Shoes
57483,Casual Shoes
57484,Sandals
57487,Formal Shoes
57488,Formal Shoes
57489,Formal Shoes
57490,Formal Shoes
57491,Formal Shoes
57492,Formal Shoes
57493,Formal Shoes
57494,Formal Shoes
57495,Formal Shoes
57496,Formal Shoes
57497,Formal Shoes
57498,Formal Shoes
57499,Formal Shoes
57500,Sandals
57501,Sandals
57502,Sandals
57503,Sandals
57504,Sandals
57505,Sandals
57506,Sandals
57507,Sandals
57508,Sandals
57509,Formal Shoes
57510,Formal Shoes
57511,Formal Shoes
57512,Formal Shoes
57513,Formal Shoes
57514,Formal Shoes
57515,Formal Shoes
57516,Formal Shoes
57517,Formal Shoes
57518,Formal Shoes
57519,Formal Shoes
57520,Formal Shoes
57521,Formal Shoes
57522,Casual Shoes
57523,Formal Shoes
57524,Formal Shoes
57525,Formal Shoes
57526,Formal Shoes
57527,Formal Shoes
57528,Formal Shoes
57529,Formal Shoes
57530,Formal Shoes
57531,Formal Shoes
57532,Formal Shoes
57533,Formal Shoes
57534,Belts
57536,Belts
57539,Belts
57543,Lips
57544,Lips
57545,Lips
57547,Lips
57548,Lips
57549,Lips
57550,Eyes
57552,Lips
57553,Lips
57554,Lips
57555,Lips
57556,Lips
57557,Lips
57558,Lips
57559,Lips
57560,Lips
57561,Lips
57562,Lips
57563,Lips
57566,Lips
57567,Lips
57568,Lips
57569,Lips
57570,Lips
57571,Lips
57572,Lips
57573,Lips
57574,Lips
57575,Lips
57576,Makeup
57577,Lips
57578,Lips
57579,Lips
57580,Lips
57581,Ring
57582,Lips
57583,Shoe Accessories
57584,Shoe Accessories
57586,Shoe Accessories
57587,Shoe Accessories
57588,Lips
57589,Shoe Accessories
57591,Lips
57592,Lips
57593,Shoe Accessories
57594,Shoe Accessories
57595,Shoe Accessories
57596,Lips
57597,Shoe Accessories
57598,Lips
57599,Shoe Accessories
57600,Shoe Accessories
57601,Shoe Accessories
57603,Shoe Accessories
57604,Lips
57605,Shoe Accessories
57606,Shoe Accessories
57607,Perfume and Body Mist
57608,Deodorant
57609,Lips
57610,Shoe Accessories
57611,Deodorant
57613,Innerwear Vests
57614,Shoe Accessories
57615,Perfume and Body Mist
57616,Deodorant
57617,Shoe Accessories
57619,Shoe Accessories
57620,Shoe Accessories
57621,Shoe Accessories
57622,Makeup
57623,Shoe Accessories
57624,Shoe Accessories
57625,Perfume and Body Mist
57627,Makeup
57628,Makeup
57629,Deodorant
57630,Clutches
57631,Makeup
57632,Lips
57633,Lips
57634,Lips
57635,Makeup
57636,Lips
57637,Lips
57638,Perfume and Body Mist
57639,Makeup
57640,Makeup
57642,Lips
57643,Makeup
57644,Makeup
57645,Makeup
57646,Makeup
57647,Makeup
57649,Makeup
57650,Deodorant
57651,Lips
57652,Makeup
57653,Makeup
57654,Lips
57655,Makeup
57656,Deodorant
57657,Makeup
57658,Makeup
57660,Makeup
57661,Makeup
57662,Makeup
57664,Makeup
57667,Deodorant
57668,Lips
57669,Makeup
57670,Makeup
57671,Perfume and Body Mist
57672,Makeup
57673,Makeup
57674,Deodorant
57675,Perfume and Body Mist
57676,Deodorant
57677,Perfume and Body Mist
57678,Perfume and Body Mist
57679,Perfume and Body Mist
57681,Perfume and Body Mist
57683,Perfume and Body Mist
57685,Perfume and Body Mist
57687,Perfume and Body Mist
57689,Perfume and Body Mist
57690,Perfume and Body Mist
57691,Perfume and Body Mist
57692,Perfume and Body Mist
57694,Deodorant
57696,Perfume and Body Mist
57697,Perfume and Body Mist
57698,Perfume and Body Mist
57699,Wallets
57700,Perfume and Body Mist
57701,Shoe Accessories
57702,Wallets
57703,Watches
57704,Deodorant
57705,Deodorant
57706,Lips
57707,Lips
57708,Lips
57709,Lips
57710,Lips
57711,Lips
57712,Lips
57713,Perfume and Body Mist
57714,Lips
57715,Lips
57716,Lips
57717,Lips
57718,Perfume and Body Mist
57719,Lips
57720,Perfume and Body Mist
57721,Lips
57724,Makeup
57725,Makeup
57727,Lips
57728,Wallets
57729,Wallets
57730,Wallets
57731,Wallets
57732,Wallets
57733,Wallets
57734,Perfume and Body Mist
57735,Perfume and Body Mist
57736,Shoe Accessories
57737,Perfume and Body Mist
57738,Wallets
57739,Shoe Accessories
57740,Apparel Set
57741,Shoe Accessories
57742,Shoe Accessories
57743,Shoe Accessories
57744,Shoe Accessories
57745,Shoe Accessories
57746,Shoe Accessories
57747,Shoe Accessories
57749,Makeup
57750,Makeup
57752,Perfume and Body Mist
57753,Makeup
57754,Deodorant
57755,Deodorant
57756,Deodorant
57757,Perfume and Body Mist
57758,Deodorant
57759,Deodorant
57760,Deodorant
57761,Deodorant
57762,Deodorant
57763,Perfume and Body Mist
57764,Deodorant
57765,Deodorant
57766,Shoe Accessories
57767,Deodorant
57768,Deodorant
57770,Perfume and Body Mist
57771,Deodorant
57772,Deodorant
57773,Perfume and Body Mist
57774,Deodorant
57776,Wallets
57777,Makeup
57778,Wallets
57779,Wallets
57780,Eyes
57781,Wallets
57782,Wallets
57783,Makeup
57784,Ring
57785,Ring
57786,Ring
57787,Makeup
57788,Perfume and Body Mist
57789,Makeup
57790,Perfume and Body Mist
57791,Accessories
57792,Makeup
57793,Accessories
57794,Perfume and Body Mist
57795,Wallets
57796,Caps
57798,Deodorant
57800,Deodorant
57801,Deodorant
57802,Heels
57803,Heels
57804,Makeup
57805,Perfume and Body Mist
57810,Tops
57811,Dresses
57812,Dresses
57815,Tops
57816,Tunics
57817,Tops
57818,Tops
57819,Dresses
57820,Tops
57823,Tops
57824,Jeans
57832,Tops
57833,Innerwear Vests
57834,Tshirts
57835,Clutches
57836,Wallets
57837,Wallets
57838,Mobile Pouch
57845,Mobile Pouch
57846,Mobile Pouch
57847,Clutches
57849,Heels
57850,Heels
57851,Casual Shoes
57852,Heels
57853,Flats
57854,Heels
57855,Heels
57856,Heels
57857,Flats
57858,Flats
57859,Deodorant
57860,Deodorant
57861,Deodorant
57862,Perfume and Body Mist
57863,Perfume and Body Mist
57864,Perfume and Body Mist
57865,Perfume and Body Mist
57866,Perfume and Body Mist
57867,Perfume and Body Mist
57868,Perfume and Body Mist
57869,Perfume and Body Mist
57870,Perfume and Body Mist
57871,Deodorant
57872,Ring
57873,Sports Equipment
57874,Perfume and Body Mist
57875,Perfume and Body Mist
57876,Perfume and Body Mist
57877,Perfume and Body Mist
57878,Perfume and Body Mist
57879,Trunk
57880,Perfume and Body Mist
57881,Deodorant
57883,Perfume and Body Mist
57884,Perfume and Body Mist
57885,Perfume and Body Mist
57886,Perfume and Body Mist
57887,Perfume and Body Mist
57888,Perfume and Body Mist
57889,Perfume and Body Mist
57890,Clutches
57891,Makeup
57892,Wallets
57893,Leggings
57894,Leggings
57895,Kurtis
57896,Leggings
57897,Scarves
57898,Tops
57899,Jeans
57906,Socks
57907,Socks
57908,Handbags
57909,Socks
57910,Socks
57911,Socks
57912,Socks
57913,Socks
57914,Socks
57915,Backpacks
57916,Socks
57917,Socks
57918,Socks
57919,Socks
57920,Socks
57921,Socks
57922,Leggings
57923,Leggings
57924,Leggings
57925,Leggings
57930,Tshirts
57931,Tshirts
57932,Tshirts
57933,Tshirts
57934,Sandals
57935,Sandals
57936,Casual Shoes
57937,Sports Shoes
57938,Sandals
57939,Casual Shoes
57940,Sandals
57941,Formal Shoes
57942,Formal Shoes
57943,Formal Shoes
57944,Sandals
57945,Sandals
57946,Formal Shoes
57947,Formal Shoes
57948,Formal Shoes
57949,Formal Shoes
57950,Formal Shoes
57952,Sarees
57953,Sarees
57954,Sarees
57956,Sarees
57957,Sarees
57958,Sarees
57959,Sarees
57960,Sarees
57961,Free Gifts
57962,Sarees
57963,Sarees
57964,Sarees
57965,Sarees
57966,Sarees
57967,Sarees
57968,Sarees
57969,Sarees
57970,Sarees
57971,Sarees
57972,Sarees
57973,Sarees
57974,Sarees
57975,Sarees
57976,Sarees
57980,Dresses
57981,Tops
57982,Tops
57983,Tops
57985,Tunics
57986,Dresses
57987,Dresses
57988,Nightdress
57989,Dresses
57990,Dresses
57991,Dresses
57992,Kurtis
57993,Dresses
57994,Tunics
57995,Dresses
57996,Dresses
57997,Dresses
57998,Dresses
57999,Dresses
58000,Dresses
58001,Dresses
58002,Nightdress
58003,Dresses
58004,Sweaters
58005,Tunics
58006,Tops
58007,Tops
58008,Tshirts
58009,Tops
58010,Tops
58011,Jackets
58012,Tunics
58013,Tops
58014,Tops
58015,Tops
58016,Earrings
58017,Earrings
58018,Earrings
58020,Sunglasses
58022,Earrings
58023,Earrings
58024,Earrings
58027,Earrings
58028,Earrings
58030,Earrings
58032,Earrings
58035,Necklace and Chains
58037,Earrings
58039,Earrings
58041,Earrings
58042,Earrings
58044,Earrings
58045,Earrings
58046,Earrings
58049,Earrings
58050,Earrings
58051,Earrings
58052,Earrings
58053,Earrings
58057,Earrings
58058,Tshirts
58059,Earrings
58060,Earrings
58061,Earrings
58062,Earrings
58063,Earrings
58071,Earrings
58072,Earrings
58073,Earrings
58074,Earrings
58075,Earrings
58076,Earrings
58078,Earrings
58085,Earrings
58086,Earrings
58087,Earrings
58093,Earrings
58096,Pendant
58097,Tshirts
58098,Ring
58099,Ring
58100,Bra
58104,Ring
58107,Earrings
58108,Earrings
58109,Earrings
58110,Earrings
58111,Earrings
58112,Earrings
58115,Pendant
58116,Pendant
58117,Perfume and Body Mist
58118,Pendant
58121,Earrings
58123,Earrings
58128,Earrings
58129,Earrings
58131,Earrings
58132,Earrings
58133,Earrings
58135,Earrings
58136,Earrings
58137,Earrings
58138,Earrings
58139,Mobile Pouch
58140,Earrings
58141,Earrings
58143,Backpacks
58144,Backpacks
58145,Backpacks
58146,Backpacks
58147,Socks
58148,Caps
58149,Caps
58150,Caps
58151,Caps
58152,Caps
58153,Caps
58154,Caps
58155,Handbags
58156,Handbags
58157,Handbags
58158,Dupatta
58159,Wallets
58160,Clutches
58161,Wallets
58162,Perfume and Body Mist
58163,Wallets
58164,Wallets
58165,Clutches
58166,Wallets
58167,Clutches
58168,Clutches
58169,Clutches
58170,Clutches
58171,Handbags
58172,Handbags
58173,Handbags
58174,Handbags
58175,Handbags
58176,Handbags
58177,Handbags
58178,Handbags
58179,Bra
58180,Handbags
58181,Handbags
58182,Handbags
58183,Handbags
58184,Handbags
58185,Handbags
58186,Handbags
58187,Handbags
58188,Handbags
58189,Handbags
58190,Handbags
58191,Handbags
58194,Handbags
58195,Bra
58196,Handbags
58200,Formal Shoes
58201,Wallets
58202,Belts
58203,Belts
58204,Belts
58205,Belts
58206,Belts
58207,Belts
58208,Belts
58209,Patiala
58210,Patiala
58211,Patiala
58212,Patiala
58213,Patiala
58214,Patiala
58215,Patiala
58216,Patiala
58218,Patiala
58220,Patiala
58222,Jeans
58225,Tshirts
58226,Sandals
58227,Sandals
58229,Sandals
58231,Flats
58232,Flip Flops
58233,Wallets
58234,Wallets
58235,Wallets
58236,Handbags
58237,Clutches
58238,Wallets
58239,Clutches
58240,Clutches
58241,Wallets
58242,Wallets
58243,Wallets
58244,Wallets
58245,Wallets
58246,Wallets
58247,Clutches
58248,Wallets
58249,Wallets
58250,Wallets
58251,Wallets
58252,Wallets
58253,Clutches
58254,Mobile Pouch
58255,Clutches
58256,Clutches
58257,Wallets
58258,Wallets
58259,Clutches
58260,Wallets
58261,Wallets
58262,Clutches
58263,Clutches
58264,Handbags
58265,Handbags
58266,Handbags
58267,Handbags
58268,Handbags
58269,Handbags
58270,Clutches
58271,Handbags
58272,Handbags
58273,Handbags
58274,Handbags
58275,Bags
58276,Handbags
58277,Messenger Bag
58278,Handbags
58279,Handbags
58280,Handbags
58281,Mobile Pouch
58282,Wallets
58283,Clutches
58284,Clutches
58286,Briefs
58291,Socks
58292,Socks
58293,Socks
58294,Socks
58295,Socks
58296,Socks
58297,Socks
58298,Socks
58299,Socks
58300,Socks
58301,Socks
58304,Socks
58305,Socks
58306,Socks
58307,Socks
58308,Socks
58309,Socks
58310,Socks
58311,Socks
58312,Socks
58313,Socks
58314,Socks
58315,Socks
58316,Socks
58317,Socks
58318,Socks
58319,Socks
58320,Socks
58321,Socks
58322,Socks
58323,Socks
58324,Flip Flops
58325,Flip Flops
58326,Flip Flops
58327,Flip Flops
58328,Flip Flops
58329,Flip Flops
58330,Flip Flops
58331,Flip Flops
58332,Sandals
58333,Flip Flops
58334,Flip Flops
58335,Flip Flops
58336,Flip Flops
58337,Flats
58338,Flats
58339,Flats
58340,Flip Flops
58349,Tshirts
58351,Tshirts
58357,Tshirts
58358,Tshirts
58372,Tshirts
58375,Tshirts
58381,Tshirts
58385,Tshirts
58394,Tshirts
58395,Tshirts
58411,Jeans
58418,Jeans
58425,Kurtas
58439,Dresses
58444,Watches
58445,Free Gifts
58446,Kurtis
58447,Watches
58448,Watches
58449,Watches
58450,Watches
58451,Watches
58452,Watches
58453,Watches
58454,Watches
58455,Watches
58456,Watches
58458,Tshirts
58459,Tshirts
58460,Tshirts
58463,Belts
58464,Belts
58465,Belts
58466,Belts
58467,Belts
58468,Belts
58470,Wallets
58471,Wallets
58472,Wallets
58473,Wallets
58474,Wallets
58475,Wallets
58476,Wallets
58477,Wallets
58478,Wallets
58479,Wallets
58480,Wallets
58481,Wallets
58482,Wallets
58483,Wallets
58484,Wallets
58485,Wallets
58486,Wallets
58487,Wallets
58488,Heels
58489,Dresses
58490,Dresses
58491,Shorts
58492,Tunics
58493,Dresses
58494,Free Gifts
58495,Tops
58496,Tshirts
58497,Tops
58498,Tunics
58499,Dresses
58500,Tunics
58501,Bottomwear
58502,Tunics
58503,Dresses
58504,Skirts
58505,Tunics
58506,Dresses
58507,Tshirts
58508,Tshirts
58509,Dresses
58510,Tops
58511,Sweaters
58512,Tops
58513,Tops
58514,Tops
58515,Innerwear Vests
58516,Tops
58517,Tshirts
58518,Sweaters
58519,Necklace and Chains
58520,Innerwear
58521,Socks
58522,Backpacks
58523,Wallets
58524,Mobile Pouch
58525,Wallets
58526,Jackets
58527,Sunglasses
58528,Sunglasses
58529,Sunglasses
58530,Sunglasses
58531,Sunglasses
58532,Sunglasses
58533,Sunglasses
58534,Sunglasses
58535,Sunglasses
58536,Sunglasses
58537,Sunglasses
58538,Sunglasses
58539,Sunglasses
58540,Sunglasses
58541,Sunglasses
58542,Sunglasses
58543,Sunglasses
58544,Sunglasses
58545,Sunglasses
58546,Sunglasses
58547,Sunglasses
58548,Sunglasses
58549,Sunglasses
58550,Sunglasses
58551,Sunglasses
58552,Sunglasses
58553,Sunglasses
58555,Formal Shoes
58559,Tshirts
58560,Jeans
58561,Jeans
58562,Jeans
58563,Shirts
58565,Tshirts
58566,Tshirts
58567,Tracksuits
58569,Tshirts
58570,Tshirts
58571,Shorts
58573,Tshirts
58574,Tops
58576,Tshirts
58577,Tshirts
58581,Ring
58586,Necklace and Chains
58588,Necklace and Chains
58589,Necklace and Chains
58590,Necklace and Chains
58591,Necklace and Chains
58600,Earrings
58603,Tshirts
58605,Earrings
58606,Earrings
58607,Earrings
58608,Earrings
58609,Earrings
58610,Earrings
58611,Earrings
58612,Earrings
58614,Gloves
58615,Gloves
58616,Earrings
58618,Earrings
58619,Earrings
58620,Earrings
58621,Caps
58622,Watches
58624,Caps
58625,Bangle
58626,Belts
58627,Caps
58628,Trunk
58629,Wallets
58634,Socks
58635,Socks
58636,Socks
58637,Socks
58638,Socks
58639,Socks
58640,Socks
58641,Socks
58642,Socks
58643,Kurtas
58644,Kurtas
58645,Stoles
58646,Kurtas
58647,Kurtas
58648,Tunics
58652,Tunics
58653,Tunics
58654,Kurtis
58655,Kurtas
58656,Kurtis
58657,Tunics
58658,Kurtas
58659,Tunics
58660,Kurtis
58661,Kurtas
58662,Kurtas
58663,Tunics
58664,Kurtas
58666,Tunics
58667,Kurtas
58668,Kurtas
58669,Kurtas
58670,Kurtas
58671,Kurtas
58672,Kurtas
58673,Kurtas
58674,Kurtis
58675,Kurtas
58676,Kurtas
58677,Kurtas
58678,Kurtas
58680,Kurtas
58681,Kurtas
58682,Kurtis
58683,Kurtas
58684,Kurtas
58685,Dresses
58686,Kurtas
58687,Kurtas
58689,Kurtis
58690,Tunics
58691,Tunics
58692,Kurtas
58693,Tunics
58694,Kurtas
58695,Tunics
58696,Tunics
58698,Kurtas
58700,Tunics
58701,Kurtas
58702,Kurtis
58703,Tunics
58718,Kurtas
58719,Kurtas
58720,Tshirts
58722,Tshirts
58723,Tshirts
58724,Tshirts
58725,Tshirts
58726,Tshirts
58727,Tshirts
58728,Tshirts
58729,Tshirts
58730,Tshirts
58731,Tshirts
58732,Tshirts
58734,Tshirts
58735,Tshirts
58736,Capris
58737,Tunics
58738,Tops
58740,Tshirts
58741,Tshirts
58742,Tshirts
58743,Tshirts
58744,Tshirts
58745,Watches
58765,Tshirts
58770,Shirts
58793,Shirts
58794,Tshirts
58795,Shirts
58796,Shirts
58797,Shirts
58798,Jackets
58800,Shirts
58801,Sweaters
58802,Shirts
58805,Shirts
58807,Sweatshirts
58808,Shirts
58809,Shirts
58810,Shirts
58815,Flats
58816,Flats
58817,Heels
58818,Flats
58819,Casual Shoes
58820,Sandals
58821,Watches
58822,Free Gifts
58823,Watches
58825,Watches
58827,Watches
58828,Watches
58829,Watches
58830,Watches
58831,Watches
58832,Watches
58833,Perfume and Body Mist
58834,Perfume and Body Mist
58835,Cufflinks
58836,Cufflinks
58837,Cufflinks
58838,Cufflinks
58839,Cufflinks
58840,Cufflinks
58841,Cufflinks
58842,Cufflinks
58843,Cufflinks
58844,Cufflinks
58845,Cufflinks
58846,Cufflinks
58847,Cufflinks
58848,Cufflinks
58849,Cufflinks
58850,Cufflinks
58851,Cufflinks
58852,Cufflinks
58853,Cufflinks
58854,Cufflinks
58855,Sunglasses
58856,Cufflinks
58857,Cufflinks
58858,Cufflinks
58859,Cufflinks
58860,Cufflinks
58861,Cufflinks
58862,Shoe Accessories
58863,Cufflinks
58864,Cufflinks
58865,Cufflinks
58867,Earrings
58868,Earrings
58869,Cufflinks
58870,Cufflinks
58871,Cufflinks
58872,Ties
58873,Ties
58874,Ties
58875,Ties
58876,Ties
58877,Ties
58878,Ties
58879,Ties
58880,Ties
58881,Ties
58882,Ties
58883,Ties
58884,Ties
58885,Ties
58886,Ties
58887,Ties
58888,Ties
58889,Ties
58890,Ties
58891,Ties
58892,Ties
58893,Ties
58894,Ties
58895,Ties
58896,Ties
58897,Ties
58898,Ties
58899,Ties
58900,Ties
58901,Ties
58902,Ties
58903,Ties
58904,Ties
58905,Ties
58906,Ties
58907,Ties
58908,Ties
58909,Ties
58910,Ties
58911,Ties
58912,Ties
58913,Ties
58914,Ties
58915,Ties
58916,Ties
58917,Ties
58918,Ties
58919,Ties
58920,Accessory Gift Set
58921,Accessory Gift Set
58922,Accessory Gift Set
58923,Accessory Gift Set
58924,Accessory Gift Set
58925,Bags
58926,Perfume and Body Mist
58928,Messenger Bag
58931,Mobile Pouch
58932,Mobile Pouch
58934,Watches
58935,Watches
58937,Watches
58939,Watches
58940,Watches
58941,Watches
58942,Watches
58943,Perfume and Body Mist
58944,Perfume and Body Mist
58945,Deodorant
58946,Perfume and Body Mist
58947,Deodorant
58948,Deodorant
58949,Deodorant
58950,Deodorant
58951,Deodorant
58952,Deodorant
58954,Deodorant
58955,Deodorant
58956,Deodorant
58958,Deodorant
58959,Deodorant
58960,Deodorant
58961,Deodorant
58962,Perfume and Body Mist
58963,Deodorant
58964,Deodorant
58965,Perfume and Body Mist
58966,Perfume and Body Mist
58967,Deodorant
58968,Perfume and Body Mist
58969,Deodorant
58970,Deodorant
58971,Deodorant
58972,Deodorant
58973,Deodorant
58974,Deodorant
58975,Deodorant
58976,Deodorant
58977,Deodorant
58978,Deodorant
58979,Deodorant
58980,Deodorant
58981,Deodorant
58982,Deodorant
58983,Deodorant
58984,Deodorant
58985,Deodorant
58986,Deodorant
58987,Deodorant
58988,Deodorant
58989,Deodorant
58990,Perfume and Body Mist
58991,Deodorant
58992,Deodorant
59002,Deodorant
59003,Perfume and Body Mist
59004,Deodorant
59005,Deodorant
59006,Deodorant
59008,Sports Shoes
59010,Casual Shoes
59011,Sports Shoes
59012,Casual Shoes
59013,Casual Shoes
59014,Sports Shoes
59015,Sports Shoes
59016,Sports Shoes
59017,Flip Flops
59018,Heels
59019,Flats
59020,Heels
59021,Heels
59022,Heels
59023,Flats
59024,Flats
59025,Heels
59026,Heels
59027,Heels
59028,Heels
59029,Heels
59030,Heels
59031,Heels
59032,Heels
59033,Heels
59034,Heels
59035,Heels
59036,Flats
59037,Flats
59038,Flats
59039,Flats
59040,Flip Flops
59042,Heels
59043,Heels
59044,Heels
59045,Heels
59046,Heels
59047,Heels
59048,Heels
59049,Heels
59050,Heels
59051,Heels
59052,Heels
59053,Heels
59054,Heels
59055,Flats
59056,Flats
59058,Kurtis
59059,Kurtas
59060,Kurtas
59061,Kurtas
59062,Kurtas
59063,Kurtas
59064,Bra
59065,Bra
59066,Bra
59067,Bra
59068,Bra
59069,Bra
59070,Bra
59071,Bra
59072,Bra
59073,Bra
59074,Bra
59075,Bra
59076,Bra
59077,Bra
59078,Briefs
59079,Briefs
59080,Briefs
59081,Bra
59082,Bra
59083,Bra
59084,Bra
59085,Briefs
59086,Briefs
59087,Bra
59088,Bra
59089,Briefs
59090,Bra
59091,Bra
59092,Bra
59093,Bra
59094,Bra
59095,Bra
59096,Bra
59097,Bra
59098,Bra
59099,Briefs
59100,Briefs
59101,Briefs
59102,Sweatshirts
59103,Jackets
59104,Backpacks
59105,Sweatshirts
59106,Jackets
59112,Sweatshirts
59115,Sweatshirts
59116,Topwear
59117,Jackets
59118,Jackets
59119,Jackets
59120,Jackets
59121,Jackets
59122,Jackets
59123,Jackets
59124,Jackets
59126,Jackets
59127,Jackets
59128,Jackets
59129,Jackets
59130,Jackets
59131,Jackets
59132,Jackets
59133,Jackets
59142,Flats
59143,Flats
59144,Flats
59145,Flats
59146,Flats
59147,Flats
59149,Formal Shoes
59160,Formal Shoes
59161,Formal Shoes
59165,Flats
59166,Formal Shoes
59167,Formal Shoes
59172,Formal Shoes
59173,Formal Shoes
59174,Formal Shoes
59175,Formal Shoes
59176,Casual Shoes
59177,Casual Shoes
59178,Formal Shoes
59181,Formal Shoes
59185,Sandals
59187,Heels
59188,Heels
59190,Sandals
59212,Heels
59213,Watches
59214,Watches
59215,Watches
59216,Watches
59217,Watches
59218,Socks
59219,Watches
59220,Watches
59221,Watches
59222,Watches
59223,Watches
59224,Watches
59225,Watches
59226,Watches
59227,Watches
59228,Watches
59229,Free Gifts
59230,Watches
59231,Watches
59232,Watches
59233,Watches
59235,Free Gifts
59236,Free Gifts
59237,Watches
59238,Watches
59239,Watches
59240,Watches
59241,Watches
59242,Watches
59243,Watches
59244,Free Gifts
59245,Watches
59246,Watches
59247,Watches
59248,Watches
59249,Watches
59250,Watches
59251,Watches
59252,Watches
59253,Watches
59254,Watches
59255,Watches
59256,Watches
59257,Watches
59258,Watches
59259,Watches
59260,Watches
59261,Watches
59262,Watches
59263,Watches
59264,Watches
59265,Watches
59266,Watches
59267,Watches
59268,Socks
59269,Watches
59270,Watches
59271,Watches
59272,Watches
59273,Watches
59274,Watches
59275,Watches
59276,Watches
59277,Watches
59278,Watches
59279,Watches
59280,Watches
59281,Watches
59282,Socks
59283,Free Gifts
59284,Watches
59286,Watches
59287,Watches
59290,Free Gifts
59291,Watches
59292,Watches
59293,Watches
59294,Shirts
59295,Shirts
59296,Shirts
59297,Shirts
59298,Shirts
59299,Shirts
59300,Shirts
59301,Shirts
59302,Tshirts
59303,Tshirts
59304,Shirts
59305,Shirts
59306,Tshirts
59311,Sports Sandals
59312,Sandals
59315,Casual Shoes
59323,Sandals
59324,Sandals
59326,Casual Shoes
59329,Sports Shoes
59330,Casual Shoes
59338,Flats
59342,Casual Shoes
59349,Sandals
59352,Kurtas
59353,Tunics
59354,Tunics
59355,Kurtas
59356,Kurtis
59357,Kurtis
59358,Kurtas
59359,Kurtas
59360,Kurtas
59361,Kurtis
59362,Kurtas
59363,Kurtas
59364,Kurtas
59365,Kurtas
59366,Kurtas
59367,Kurtas
59368,Kurtas
59369,Kurtas
59370,Kurtas
59371,Kurtas
59372,Kurtis
59373,Kurtis
59374,Kurtas
59375,Kurtis
59376,Kurtas
59377,Kurtas
59378,Kurtas
59379,Kurtas
59380,Kurtas
59381,Stoles
59382,Kurtas
59383,Kurtas
59387,Flats
59388,Flats
59390,Formal Shoes
59396,Casual Shoes
59399,Kurtas
59400,Tunics
59403,Tunics
59404,Tops
59405,Jackets
59407,Tunics
59410,Tops
59413,Heels
59418,Tops
59421,Tops
59422,Tops
59428,Handbags
59430,Handbags
59432,Handbags
59433,Clutches
59435,Formal Shoes
59436,Heels
59437,Heels
59439,Shirts
59440,Shirts
59441,Shirts
59442,Shirts
59443,Shirts
59444,Shirts
59445,Shirts
59446,Shirts
59448,Shirts
59451,Shirts
59452,Shirts
59453,Shirts
59454,Shirts
59455,Bangle
59456,Ring
59457,Ring
59458,Ring
59459,Bangle
59460,Ring
59461,Ring
59462,Ring
59463,Ring
59464,Ring
59465,Ring
59466,Bangle
59467,Ring
59468,Ring
59469,Ring
59470,Earrings
59471,Ring
59474,Ring
59481,Ring
59484,Ring
59498,Necklace and Chains
59499,Necklace and Chains
59501,Pendant
59502,Necklace and Chains
59503,Pendant
59504,Necklace and Chains
59505,Pendant
59507,Pendant
59508,Pendant
59509,Pendant
59510,Pendant
59511,Pendant
59512,Necklace and Chains
59513,Necklace and Chains
59514,Necklace and Chains
59515,Necklace and Chains
59516,Necklace and Chains
59518,Necklace and Chains
59519,Necklace and Chains
59520,Earrings
59521,Earrings
59522,Earrings
59523,Earrings
59524,Earrings
59525,Earrings
59526,Earrings
59527,Earrings
59528,Earrings
59529,Earrings
59530,Earrings
59531,Earrings
59532,Earrings
59533,Earrings
59534,Earrings
59535,Earrings
59537,Earrings
59541,Earrings
59543,Earrings
59544,Earrings
59545,Earrings
59546,Earrings
59547,Earrings
59550,Earrings
59551,Earrings
59552,Bangle
59553,Bracelet
59554,Bracelet
59555,Bracelet
59556,Bracelet
59557,Bracelet
59558,Bangle
59559,Bracelet
59560,Bracelet
59561,Ring
59563,Earrings
59564,Cufflinks
59565,Cufflinks
59566,Cufflinks
59567,Cufflinks
59568,Cufflinks
59569,Cufflinks
59570,Cufflinks
59571,Cufflinks
59572,Cufflinks
59573,Cufflinks
59574,Cufflinks
59575,Cufflinks
59576,Cufflinks
59577,Cufflinks
59578,Cufflinks
59579,Cufflinks
59580,Cufflinks
59581,Cufflinks
59582,Cufflinks
59583,Cufflinks
59584,Cufflinks
59585,Cufflinks
59586,Cufflinks
59587,Earrings
59589,Sarees
59590,Sarees
59591,Sarees
59592,Sarees
59593,Sarees
59594,Sarees
59595,Sarees
59596,Sarees
59597,Sarees
59598,Sarees
59599,Sarees
59600,Sarees
59601,Sarees
59603,Sarees
59604,Sarees
59606,Sarees
59607,Sarees
59608,Sarees
59609,Sarees
59610,Sarees
59611,Sarees
59612,Sarees
59613,Sarees
59614,Sarees
59615,Sarees
59616,Sarees
59618,Sarees
59619,Sarees
59620,Sarees
59621,Sarees
59622,Sarees
59623,Sarees
59624,Free Gifts
59625,Sarees
59626,Sarees
59628,Sarees
59630,Sarees
59631,Sarees
59632,Sarees
59633,Sarees
59634,Sarees
59635,Sarees
59636,Sarees
59637,Sarees
59638,Sarees
59639,Sarees
59640,Sarees
59641,Sarees
59642,Sarees
59643,Sarees
59644,Sarees
59645,Sarees
59646,Sarees
59647,Sarees
59648,Sarees
59649,Sarees
59650,Sarees
59651,Sarees
59652,Sarees
59653,Sarees
59654,Sarees
59655,Sarees
59656,Sarees
59657,Sarees
59658,Sarees
59659,Sarees
59660,Sarees
59661,Sarees
59662,Sarees
59663,Sarees
59664,Sarees
59665,Sarees
59666,Sarees
59667,Sarees
59668,Sarees
59669,Sarees
59670,Sarees
59672,Sarees
59673,Sarees
59674,Sarees
59675,Flats
59676,Flats
59677,Briefs
59678,Briefs
59679,Briefs
59680,Briefs
59681,Briefs
59682,Briefs
59683,Briefs
59684,Briefs
59685,Briefs
59686,Briefs
59687,Briefs
59688,Briefs
59689,Bra
59690,Bra
59691,Bra
59692,Bra
59693,Bra
59694,Briefs
59695,Briefs
59696,Briefs
59697,Bottomwear
59698,Innerwear
59699,Bra
59700,Bra
59701,Briefs
59702,Bottomwear
59703,Briefs
59704,Briefs
59705,Bra
59706,Bra
59707,Briefs
59708,Briefs
59709,Briefs
59710,Briefs
59711,Briefs
59712,Bottomwear
59713,Innerwear
59714,Nightdress
59715,Tops
59716,Loungewear and Nightwear
59717,Bra
59718,Bra
59719,Bra
59720,Bra
59721,Bra
59722,Briefs
59723,Bra
59724,Bra
59725,Bra
59726,Bra
59727,Bra
59728,Bra
59729,Bra
59730,Bra
59731,Bra
59732,Bra
59733,Bra
59734,Briefs
59735,Briefs
59736,Briefs
59739,Bra
59740,Bra
59741,Bra
59742,Briefs
59743,Briefs
59744,Tops
59745,Skirts
59746,Dresses
59747,Nightdress
59748,Night suits
59749,Night suits
59750,Briefs
59751,Briefs
59752,Briefs
59753,Briefs
59754,Tops
59755,Briefs
59756,Tshirts
59757,Flats
59758,Flats
59759,Heels
59760,Flats
59761,Flats
59762,Flats
59763,Flats
59764,Flats
59765,Earrings
59766,Earrings
59767,Earrings
59768,Sports Shoes
59769,Jewellery Set
59770,Jewellery Set
59771,Pendant
59772,Pendant
59773,Necklace and Chains
59774,Necklace and Chains
59775,Bangle
59776,Bangle
59777,Bracelet
59778,Bracelet
59779,Bracelet
59780,Bangle
59781,Bracelet
59782,Bracelet
59783,Belts
59784,Bracelet
59794,Tunics
59795,Tops
59796,Tops
59797,Tshirts
59810,Tshirts
59811,Kurtis
59813,Jeans
59814,Jeans
59819,Shirts
59824,Shirts
59826,Shirts
59827,Shirts
59832,Shirts
59833,Shirts
59834,Tshirts
59838,Tshirts
59839,Fragrance Gift Set
59851,Perfume and Body Mist
59853,Perfume and Body Mist
59856,Perfume and Body Mist
59858,Perfume and Body Mist
59859,Perfume and Body Mist
59860,Perfume and Body Mist
59862,Fragrance Gift Set
59863,Perfume and Body Mist
59866,Perfume and Body Mist
59872,Tops
59873,Skirts
59874,Tunics
59875,Kurtis
59876,Sarees
59877,Leggings
59878,Stockings
59879,Jeans
59880,Trousers
59881,Trousers
59882,Innerwear Vests
59883,Tops
59884,Tops
59885,Tops
59886,Tops
59887,Innerwear Vests
59888,Tops
59889,Tshirts
59890,Dresses
59891,Tops
59892,Shirts
59893,Shirts
59894,Tops
59895,Dresses
59896,Sarees
59897,Sarees
59898,Tops
59900,Dupatta
59901,Jackets
59902,Tunics
59903,Tops
59904,Stoles
59905,Stoles
59906,Kurtis
59907,Stoles
59908,Sarees
59909,Sarees
59910,Kurtas
59911,Kurtas
59912,Kurtas
59914,Kurtas
59915,Kurtas
59916,Kurtas
59917,Kurtas
59918,Kurtas
59919,Kurtas
59920,Kurtas
59921,Kurtas
59922,Kurtas
59923,Kurtas
59924,Kurtis
59925,Kurtas
59926,Kurtas
59927,Kurtas
59928,Kurtis
59929,Tunics
59930,Kurtis
59931,Kurtas
59932,Kurtas
59933,Kurtas
59934,Kurtas
59935,Casual Shoes
59936,Casual Shoes
59937,Casual Shoes
59938,Casual Shoes
59939,Casual Shoes
59940,Casual Shoes
59941,Casual Shoes
59942,Casual Shoes
59943,Casual Shoes
59944,Casual Shoes
59945,Casual Shoes
59946,Perfume and Body Mist
59947,Perfume and Body Mist
59948,Deodorant
59949,Deodorant
59950,Deodorant
59951,Deodorant
59961,Deodorant
59962,Deodorant
59963,Dresses
59964,Dresses
59965,Dresses
59966,Dresses
59967,Kurtas
59968,Dresses
59969,Dresses
59970,Dress
59971,Dresses
59972,Dresses
59973,Dresses
59974,Dresses
59975,Dresses
59976,Dresses
59977,Dresses
59978,Dresses
59979,Kurtas
59980,Dresses
59981,Dresses
59982,Dresses
59983,Dresses
59984,Dresses
59985,Dresses
59986,Dresses
59987,Dresses
59988,Dresses
59989,Dresses
59990,Dresses
59991,Dresses
59992,Kurtas
59993,Dresses
59994,Dresses
59995,Dresses
59996,Kurtas
59998,Heels
59999,Heels
60000,Tunics
